ID,Name,Gender,Age,Ethnicity,Country of Origin,Job,Education Level,Years of Experience,Skills,AI Score,Shortlisted,Branch Location,Application Date,Interview Date,Team Name
1,Avery Martin,M,37,Black or African American,Nigeria,Data Analyst,Bachelor,3,"Accounting, Decision Making, Adaptability, Dependability, Time management, Information processing, Communication, Researching",2,TRUE,Manchester,06/12/2023,28/12/2023,Charlie
2,Casey Anderson,F,39,Southeast Asian,Thailand,Accountant,Bachelor,0,"Accounting, Decision Making, Adaptability, Dependability, Flexibility, Communication, Researching",1,FALSE,Manchester,09/06/2023,23/06/2023,Delta
3,Quinn Thomas,F,33,Southeast Asian,UK,Research Analyst,Master,0,"Creative problem solving, Critical thinking, Decision Making, Adaptability, Dependability, Flexibility, Communication, Digital Literacy",3,TRUE,Bristol,21/04/2023,07/05/2023,Charlie
4,Morgan Johnson,M,60,Asian,China,Data Analyst,Bachelor,3,"Accounting, Data analysis, Decision Making, Adaptability, Dependability, Time management, Information processing, Communication, Researching",3,TRUE,Glasgow,02/05/2023,27/07/2023,Echo
5,Quinn Thomas,F,37,White,Germany,Creative Technologist,Master,4,"Coding, Graphic design, Data Visualisation, Accounting, Data analysis, Decision Making, Adaptability, Dependability, Time management, Information processing, Communication, Researching",5,TRUE,Bristol,10/01/2023,06/02/2023,Alpha
6,Alex Johnson,M,48,Middle Eastern,Iran,Data Scientist,Master,2,"Data analysis, Decision Making, Adaptability, Dependability, Flexibility, Communication, Digital Literacy",2,TRUE,Birmingham,12/11/2023,25/01/2024,Echo
7,Riley Thomas,M,35,Black or African American,Nigeria,Research Analyst,High School,1,"Decision Making, Adaptability, Dependability, Flexibility, Communication, Researching",0,FALSE,London,22/03/2023,09/04/2023,Charlie
8,Morgan Jackson,Other,56,East Asian,South Korea,Accountant,Bachelor,1,"Accounting, Decision Making, Adaptability, Dependability, Flexibility, Communication, Researching",1,TRUE,London,23/06/2023,15/08/2023,Echo
9,Morgan Smith,F,24,Black or African American,UK,Data Analyst,Bachelor,2,"Data analysis, Decision Making, Adaptability, Dependability, Flexibility, Communication, Digital Literacy",3,TRUE,London,20/02/2023,10/03/2023,Alpha
10,Taylor Brown,F,32,Native American,UK,Accountant,PhD,2,"Troubleshooting, Accounting, Decision Making, Adaptability, Dependability, Flexibility, Communication, Researching",4,TRUE,Manchester,28/04/2023,23/06/2023,Echo
11,Quinn Harris,F,36,Mixed,UK,Data Analyst,Bachelor,0,"Data analysis, Decision Making, Adaptability, Dependability, Flexibility, Communication, Digital Literacy",2,TRUE,London,13/02/2023,21/04/2023,Echo
12,Avery Smith,M,34,Asian,China,Data Analyst,Bachelor,2,"Accounting, Data analysis, Decision Making, Adaptability, Dependability, Flexibility, Communication, Researching",2,TRUE,Bristol,14/05/2023,06/06/2023,Bravo
13,Quinn Brown,F,40,South Asian,India,Data Analyst,Bachelor,3,"Decision Making, Adaptability, Dependability, Time management, Information processing, Communication, Digital Literacy",2,TRUE,Bristol,09/08/2023,01/09/2023,Charlie
14,Casey Jackson,F,41,Asian,China,Data Scientist,Master,8,"Leadership, Data analysis, Decision Making, Adaptability, Dependability, Time management, Mentoring, Information processing, Stakeholder engagement, Digital Literacy",6,TRUE,Manchester,23/05/2023,02/06/2023,Bravo
15,Casey White,M,29,Mixed,Brazil,Data Analyst,Bachelor,3,"Accounting, Decision Making, Adaptability, Dependability, Time management, Information processing, Communication, Researching",2,TRUE,Bristol,08/02/2023,09/05/2023,Echo
16,Avery White,F,44,East Asian,South Korea,Data Analyst,Bachelor,2,"Accounting, Data analysis, Decision Making, Adaptability, Dependability, Flexibility, Communication, Researching",2,TRUE,Manchester,30/01/2023,19/03/2023,Echo
17,Alex Thomas,F,41,Other,Unknown,Associate,Bachelor,1,"Decision Making, Adaptability, Dependability, Flexibility, Communication, Digital Literacy",1,FALSE,Birmingham,02/06/2023,15/08/2023,Echo
18,Avery Jackson,F,36,Middle Eastern,Iran,Accountant,Master,1,"Troubleshooting, Accounting, Decision Making, Adaptability, Dependability, Flexibility, Communication, Researching",2,TRUE,Birmingham,09/04/2023,11/04/2023,Alpha
19,Quinn Brown,M,50,Asian,China,Accountant,Bachelor,2,"Accounting, Decision Making, Adaptability, Dependability, Flexibility, Communication, Researching",2,TRUE,Bristol,16/10/2023,04/12/2023,Echo
20,Alex White,M,24,Pacific Islander,UK,Data Scientist,Master,0,"Data analysis, Decision Making, Adaptability, Dependability, Flexibility, Communication, Digital Literacy",2,TRUE,Manchester,11/04/2023,26/04/2023,Charlie
21,Casey Harris,F,29,Central Asian,Kazakhstan,Accountant,Master,1,"Troubleshooting, Accounting, Decision Making, Adaptability, Dependability, Flexibility, Communication, Researching",2,TRUE,London,03/05/2023,02/06/2023,Alpha
22,Jordan Jackson,M,42,White,UK,Research Analyst,High School,0,"Decision Making, Adaptability, Dependability, Flexibility, Communication, Researching",1,TRUE,Glasgow,01/03/2023,22/03/2023,Charlie
23,Riley Martin,M,27,Hispanic or Latino,Mexico,Accountant,Master,1,"Troubleshooting, Accounting, Decision Making, Adaptability, Dependability, Flexibility, Communication, Researching",2,TRUE,London,31/07/2023,11/08/2023,Bravo
24,Alex Johnson,F,45,Other,Unknown,Data Analyst,Bachelor,9,"Leadership, Project management, Accounting, Data analysis, Decision Making, Adaptability, Dependability, Time management, Mentoring, Information processing, Stakeholder engagement, Researching",6,TRUE,Manchester,13/04/2023,30/04/2023,Delta
25,Skyler Johnson,M,31,Native American,USA,Data Analyst,High School,4,"Decision Making, Adaptability, Dependability, Time management, Information processing, Communication, Researching",2,TRUE,Birmingham,24/12/2023,07/01/2024,Charlie
26,Taylor Harris,M,35,East Asian,South Korea,Data Scientist,Master,2,"Data analysis, Decision Making, Adaptability, Dependability, Flexibility, Communication, Digital Literacy",2,TRUE,Birmingham,14/06/2023,13/07/2023,Alpha
27,Riley Smith,M,26,Native American,USA,Accountant,Bachelor,1,"Accounting, Decision Making, Adaptability, Dependability, Flexibility, Communication, Researching",1,TRUE,London,07/09/2023,19/09/2023,Delta
28,Jamie Harris,F,35,White,Germany,Data Analyst,Bachelor,1,"Data analysis, Decision Making, Adaptability, Dependability, Flexibility, Communication, Digital Literacy",1,TRUE,Manchester,04/03/2023,07/03/2023,Charlie
29,Morgan Martin,F,27,Central Asian,Kazakhstan,Associate,Bachelor,1,"Decision Making, Adaptability, Dependability, Flexibility, Communication, Digital Literacy",1,FALSE,Bristol,26/11/2023,13/12/2023,Delta
30,Skyler White,M,34,Black or African American,Nigeria,Research Analyst,Master,1,"Creative problem solving, Critical thinking, Decision Making, Adaptability, Dependability, Flexibility, Communication, Digital Literacy",2,TRUE,Bristol,26/09/2023,26/10/2023,Delta
31,Riley Thomas,F,41,Middle Eastern,UK,Data Scientist,Master,0,"Data analysis, Decision Making, Adaptability, Dependability, Flexibility, Communication, Digital Literacy",2,TRUE,Birmingham,06/04/2023,23/04/2023,Charlie
32,Riley White,F,41,Middle Eastern,Iran,Data Analyst,Bachelor,3,"Data analysis, Decision Making, Adaptability, Dependability, Time management, Information processing, Communication, Digital Literacy",2,TRUE,London,05/06/2023,12/06/2023,Delta
33,Morgan Taylor,M,37,South Asian,India,Data Analyst,High School,7,"Leadership, Decision Making, Adaptability, Dependability, Time management, Mentoring, Information processing, Communication, Researching",4,TRUE,Manchester,04/10/2023,24/10/2023,Alpha
34,Morgan Johnson,M,23,Southeast Asian,Thailand,Accountant,Bachelor,0,"Accounting, Decision Making, Adaptability, Dependability, Flexibility, Communication, Researching",1,FALSE,Birmingham,03/03/2023,07/03/2023,Bravo
35,Jordan Brown,M,43,Middle Eastern,Iran,Accountant,Bachelor,1,"Accounting, Decision Making, Adaptability, Dependability, Flexibility, Communication, Researching",1,TRUE,Bristol,06/09/2023,08/09/2023,Charlie
36,Skyler Martin,F,32,Pacific Islander,UK,Creative Technologist,Master,2,"Coding, Graphic design, Data Visualisation, Accounting, Data analysis, Decision Making, Adaptability, Dependability, Flexibility, Communication, Researching",5,TRUE,Manchester,22/12/2023,23/02/2024,Echo
37,Riley Smith,M,45,Hispanic or Latino,Mexico,Research Analyst,Master,1,"Creative problem solving, Critical thinking, Decision Making, Adaptability, Dependability, Flexibility, Communication, Digital Literacy",2,TRUE,Glasgow,15/01/2023,17/01/2023,Alpha
38,Skyler Thomas,M,37,White,Germany,Data Analyst,Bachelor,0,"Accounting, Data analysis, Decision Making, Adaptability, Dependability, Flexibility, Communication, Researching",1,TRUE,Bristol,23/06/2023,12/09/2023,Echo
39,Riley Johnson,M,33,Hispanic or Latino,Mexico,Research Analyst,High School,2,"Decision Making, Adaptability, Dependability, Flexibility, Communication, Researching",1,FALSE,Bristol,29/10/2023,03/01/2024,Echo
40,Morgan Anderson,M,43,Middle Eastern,UK,Data Analyst,Bachelor,3,"Data analysis, Decision Making, Adaptability, Dependability, Time management, Information processing, Communication, Digital Literacy",4,TRUE,London,29/01/2023,24/04/2023,Echo
41,Avery Thomas,F,26,East Asian,UK,Data Scientist,Master,2,"Data analysis, Decision Making, Adaptability, Dependability, Flexibility, Communication, Digital Literacy",3,TRUE,London,15/05/2023,15/07/2023,Echo
42,Skyler Taylor,F,28,Native American,USA,Research Analyst,High School,0,"Decision Making, Adaptability, Dependability, Flexibility, Communication, Researching",0,FALSE,London,08/08/2023,21/08/2023,Alpha
43,Quinn Anderson,F,41,Pacific Islander,Fiji,Data Analyst,Bachelor,1,"Data analysis, Decision Making, Adaptability, Dependability, Flexibility, Communication, Digital Literacy",1,TRUE,Birmingham,01/05/2023,10/05/2023,Charlie
44,Riley Jackson,F,35,South Asian,UK,Associate,Bachelor,2,"Decision Making, Adaptability, Dependability, Flexibility, Communication, Digital Literacy",2,TRUE,Bristol,05/12/2023,25/12/2023,Alpha
45,Morgan Harris,M,28,Other,Unknown,Data Analyst,Bachelor,0,"Accounting, Data analysis, Decision Making, Adaptability, Dependability, Flexibility, Communication, Researching",1,TRUE,London,20/11/2023,15/12/2023,Bravo
46,Skyler Taylor,M,51,Mixed,Brazil,Accountant,Master,1,"Troubleshooting, Accounting, Decision Making, Adaptability, Dependability, Flexibility, Communication, Researching",2,TRUE,Manchester,04/11/2023,29/11/2023,Charlie
47,Casey Martin,M,50,Native American,USA,Research Analyst,Master,2,"Creative problem solving, Critical thinking, Decision Making, Adaptability, Dependability, Flexibility, Communication, Digital Literacy",2,TRUE,Manchester,28/08/2023,26/09/2023,Bravo
48,Alex Brown,F,39,Asian,China,Data Scientist,Master,1,"Data analysis, Decision Making, Adaptability, Dependability, Flexibility, Communication, Digital Literacy",2,TRUE,Glasgow,29/07/2023,24/08/2023,Bravo
49,Riley Anderson,F,52,Mixed,Brazil,Data Analyst,Bachelor,0,"Data analysis, Decision Making, Adaptability, Dependability, Flexibility, Communication, Digital Literacy",1,FALSE,Birmingham,12/01/2023,01/02/2023,Alpha
50,Taylor Johnson,F,31,White,Germany,Accountant,Bachelor,0,"Accounting, Decision Making, Adaptability, Dependability, Flexibility, Communication, Researching",1,FALSE,London,04/01/2023,07/01/2023,Charlie
51,Morgan Brown,F,32,Central Asian,Kazakhstan,Data Analyst,Bachelor,2,"Data analysis, Decision Making, Adaptability, Dependability, Flexibility, Communication, Digital Literacy",2,TRUE,Bristol,25/04/2023,17/05/2023,Bravo
52,Casey White,M,32,Middle Eastern,Iran,Data Analyst,Bachelor,0,"Data analysis, Decision Making, Adaptability, Dependability, Flexibility, Communication, Digital Literacy",1,FALSE,Glasgow,25/06/2023,11/08/2023,Echo
53,Jordan Martin,M,22,Native American,USA,Data Analyst,Bachelor,0,"Accounting, Data analysis, Decision Making, Adaptability, Dependability, Flexibility, Communication, Researching",1,TRUE,Manchester,23/06/2023,20/09/2023,Echo
54,Skyler Brown,F,37,Black or African American,UK,Accountant,Bachelor,1,"Accounting, Decision Making, Adaptability, Dependability, Flexibility, Communication, Researching",2,TRUE,Bristol,14/02/2023,26/02/2023,Delta
55,Jamie Taylor,F,49,Middle Eastern,Iran,Data Analyst,Bachelor,1,"Data analysis, Decision Making, Adaptability, Dependability, Flexibility, Communication, Digital Literacy",1,TRUE,Bristol,30/10/2023,13/01/2024,Echo
56,Casey White,F,35,Middle Eastern,Iran,Data Analyst,Bachelor,7,"Leadership, Data analysis, Decision Making, Adaptability, Dependability, Time management, Mentoring, Information processing, Communication, Digital Literacy",5,TRUE,London,28/11/2023,24/01/2024,Echo
57,Taylor Anderson,F,46,East Asian,UK,Data Scientist,Master,3,"Creative problem solving, Critical thinking, Decision Making, Adaptability, Dependability, Time management, Information processing, Communication, Digital Literacy",4,TRUE,London,11/07/2023,26/07/2023,Delta
58,Skyler Thomas,M,32,Pacific Islander,UK,Data Analyst,Bachelor,7,"Leadership, Accounting, Decision Making, Adaptability, Dependability, Time management, Mentoring, Information processing, Communication, Researching",6,TRUE,Birmingham,27/08/2023,26/09/2023,Alpha
59,Jamie Taylor,F,36,Pacific Islander,UK,Data Scientist,Master,6,"Leadership, Data analysis, Decision Making, Adaptability, Dependability, Time management, Mentoring, Information processing, Communication, Digital Literacy",6,TRUE,Manchester,07/12/2023,22/12/2023,Alpha
60,Skyler Smith,F,24,Other,Unknown,Data Analyst,Bachelor,0,"Data analysis, Decision Making, Adaptability, Dependability, Flexibility, Communication, Digital Literacy",1,FALSE,London,09/03/2023,29/05/2023,Echo
61,Taylor White,F,46,South Asian,India,Accountant,Bachelor,2,"Accounting, Decision Making, Adaptability, Dependability, Flexibility, Communication, Researching",2,TRUE,London,26/07/2023,12/09/2023,Echo
62,Avery Taylor,M,33,Hispanic or Latino,Mexico,Accountant,Master,2,"Troubleshooting, Accounting, Decision Making, Adaptability, Dependability, Flexibility, Communication, Researching",2,TRUE,London,25/02/2023,23/03/2023,Charlie
63,Morgan Johnson,M,37,White,Germany,Research Analyst,High School,1,"Decision Making, Adaptability, Dependability, Flexibility, Communication, Researching",0,FALSE,London,21/12/2023,31/12/2023,Delta
64,Quinn Jackson,M,45,Pacific Islander,Fiji,Data Analyst,Bachelor,5,"Leadership, Accounting, Data analysis, Decision Making, Adaptability, Dependability, Time management, Information processing, Communication, Researching",4,TRUE,Bristol,01/02/2023,20/02/2023,Charlie
65,Avery Taylor,M,60,Pacific Islander,Fiji,Associate,Bachelor,0,"Decision Making, Adaptability, Dependability, Flexibility, Communication, Digital Literacy",0,FALSE,Manchester,08/03/2023,27/03/2023,Bravo
66,Jordan Smith,F,40,Middle Eastern,Iran,Research Analyst,High School,2,"Decision Making, Adaptability, Dependability, Flexibility, Communication, Researching",1,FALSE,Manchester,27/07/2023,07/08/2023,Delta
67,Jamie Brown,M,35,Native American,USA,Data Analyst,Bachelor,0,"Data analysis, Decision Making, Adaptability, Dependability, Flexibility, Communication, Digital Literacy",1,FALSE,Bristol,22/03/2023,23/03/2023,Delta
68,Jamie Martin,M,34,South Asian,India,Data Analyst,Bachelor,1,"Data analysis, Decision Making, Adaptability, Dependability, Flexibility, Communication, Digital Literacy",1,TRUE,London,06/10/2023,12/12/2023,Echo
69,Skyler Taylor,M,50,East Asian,South Korea,Data Scientist,Master,5,"Leadership, Data analysis, Decision Making, Adaptability, Dependability, Time management, Information processing, Communication, Digital Literacy",4,TRUE,Bristol,29/07/2023,15/08/2023,Alpha
70,Taylor Thomas,M,47,Hispanic or Latino,UK,Data Scientist,Master,4,"Data analysis, Decision Making, Adaptability, Dependability, Time management, Information processing, Communication, Digital Literacy",4,TRUE,Manchester,14/05/2023,26/05/2023,Bravo
71,Morgan Brown,M,43,Native American,UK,Data Scientist,Master,1,"Data analysis, Decision Making, Adaptability, Dependability, Flexibility, Communication, Digital Literacy",3,TRUE,London,12/04/2023,15/04/2023,Alpha
72,Jordan White,M,40,Central Asian,Kazakhstan,Data Analyst,Bachelor,1,"Accounting, Data analysis, Decision Making, Adaptability, Dependability, Flexibility, Communication, Researching",2,TRUE,London,16/05/2023,24/05/2023,Bravo
73,Jordan Thomas,Other,46,Hispanic or Latino,Mexico,Data Analyst,Bachelor,1,"Data analysis, Decision Making, Adaptability, Dependability, Flexibility, Communication, Digital Literacy",1,TRUE,Manchester,28/02/2023,03/03/2023,Delta
74,Riley Harris,F,36,Asian,China,Data Scientist,Master,3,"Troubleshooting, Accounting, Decision Making, Adaptability, Dependability, Time management, Information processing, Communication, Researching",3,TRUE,London,14/12/2023,18/12/2023,Bravo
75,Quinn Smith,F,39,South Asian,India,Data Analyst,Bachelor,0,"Accounting, Data analysis, Decision Making, Adaptability, Dependability, Flexibility, Communication, Researching",1,TRUE,Manchester,26/10/2023,23/11/2023,Alpha
76,Jordan Smith,M,31,Other,Unknown,Creative Technologist,Master,5,"Leadership, Coding, Graphic design, Data Visualisation, Accounting, Data analysis, Decision Making, Adaptability, Dependability, Time management, Information processing, Communication, Researching",6,TRUE,Bristol,18/09/2023,04/10/2023,Bravo
77,Jordan Jackson,M,26,Central Asian,Kazakhstan,Data Analyst,Bachelor,5,"Leadership, Accounting, Data analysis, Decision Making, Adaptability, Dependability, Time management, Information processing, Communication, Researching",4,TRUE,Birmingham,03/03/2023,13/05/2023,Echo
78,Taylor Jackson,M,42,Middle Eastern,Iran,Data Analyst,Bachelor,0,"Data analysis, Decision Making, Adaptability, Dependability, Flexibility, Communication, Digital Literacy",1,FALSE,London,23/11/2023,18/12/2023,Delta
79,Jamie Brown,F,27,Pacific Islander,Fiji,Data Scientist,Master,6,"Leadership, Troubleshooting, Accounting, Decision Making, Adaptability, Dependability, Time management, Mentoring, Information processing, Communication, Researching",5,TRUE,Glasgow,07/10/2023,08/10/2023,Alpha
80,Jamie Harris,M,53,Hispanic or Latino,UK,Data Analyst,High School,12,"Leadership, Project management, Decision Making, Adaptability, Dependability, Time management, Mentoring, Information processing, Stakeholder engagement, Researching",8,TRUE,London,03/04/2023,14/04/2023,Bravo
81,Taylor Jackson,F,53,Other,UK,Data Analyst,Bachelor,6,"Leadership, Data analysis, Decision Making, Adaptability, Dependability, Time management, Mentoring, Information processing, Communication, Digital Literacy",6,TRUE,Manchester,25/12/2023,16/01/2024,Bravo
82,Quinn Anderson,F,26,Central Asian,Kazakhstan,Associate,Bachelor,1,"Decision Making, Adaptability, Dependability, Flexibility, Communication, Digital Literacy",1,FALSE,London,16/01/2023,21/01/2023,Delta
83,Jamie Taylor,M,34,Hispanic or Latino,UK,Data Analyst,Bachelor,3,"Accounting, Data analysis, Decision Making, Adaptability, Dependability, Time management, Information processing, Communication, Researching",4,TRUE,Manchester,18/10/2023,31/10/2023,Alpha
84,Alex Johnson,M,48,Hispanic or Latino,Mexico,Associate,Bachelor,1,"Decision Making, Adaptability, Dependability, Flexibility, Communication, Digital Literacy",1,FALSE,Bristol,12/12/2023,28/12/2023,Alpha
85,Morgan Thomas,M,41,East Asian,South Korea,Data Scientist,Master,4,"Troubleshooting, Accounting, Decision Making, Adaptability, Dependability, Time management, Information processing, Communication, Researching",4,TRUE,London,29/10/2023,17/11/2023,Delta
86,Jordan Harris,M,43,Middle Eastern,Iran,Accountant,Master,0,"Troubleshooting, Accounting, Decision Making, Adaptability, Dependability, Flexibility, Communication, Researching",2,TRUE,Birmingham,07/09/2023,30/09/2023,Charlie
87,Avery Thomas,M,37,Middle Eastern,UK,Data Analyst,Bachelor,1,"Data analysis, Decision Making, Adaptability, Dependability, Flexibility, Communication, Digital Literacy",2,TRUE,Glasgow,21/08/2023,31/08/2023,Charlie
88,Avery Smith,M,38,Central Asian,Kazakhstan,Data Analyst,Bachelor,1,"Data analysis, Decision Making, Adaptability, Dependability, Flexibility, Communication, Digital Literacy",1,TRUE,London,15/03/2023,10/04/2023,Delta
89,Taylor Thomas,M,30,Central Asian,UK,Data Analyst,Bachelor,2,"Accounting, Data analysis, Decision Making, Adaptability, Dependability, Flexibility, Communication, Researching",3,TRUE,London,31/10/2023,04/11/2023,Bravo
90,Alex Smith,M,47,Hispanic or Latino,Mexico,Creative Technologist,Master,2,"Coding, Graphic design, Data Visualisation, Accounting, Data analysis, Decision Making, Adaptability, Dependability, Flexibility, Communication, Researching",4,TRUE,London,22/03/2023,02/04/2023,Bravo
91,Jamie Taylor,M,48,Central Asian,UK,Accountant,Bachelor,1,"Accounting, Decision Making, Adaptability, Dependability, Flexibility, Communication, Researching",2,TRUE,Bristol,18/01/2023,27/01/2023,Delta
92,Riley Martin,F,35,Mixed,Brazil,Accountant,Bachelor,2,"Accounting, Decision Making, Adaptability, Dependability, Flexibility, Communication, Researching",2,TRUE,London,27/06/2023,06/07/2023,Alpha
93,Jordan Brown,M,55,Central Asian,UK,Data Analyst,Bachelor,3,"Accounting, Data analysis, Decision Making, Adaptability, Dependability, Time management, Information processing, Communication, Researching",4,TRUE,Bristol,11/04/2023,20/04/2023,Alpha
94,Casey Harris,M,46,Black or African American,Nigeria,Data Analyst,Bachelor,2,"Data analysis, Decision Making, Adaptability, Dependability, Flexibility, Communication, Digital Literacy",2,TRUE,Bristol,29/08/2023,08/09/2023,Alpha
95,Morgan Thomas,F,55,Middle Eastern,Iran,Research Analyst,High School,1,"Decision Making, Adaptability, Dependability, Flexibility, Communication, Researching",0,FALSE,Manchester,27/07/2023,17/08/2023,Bravo
96,Skyler Smith,F,40,East Asian,South Korea,Data Analyst,Bachelor,0,"Data analysis, Decision Making, Adaptability, Dependability, Flexibility, Communication, Digital Literacy",1,FALSE,Birmingham,07/05/2023,06/06/2023,Bravo
97,Morgan Johnson,F,42,Mixed,UK,Data Analyst,Bachelor,1,"Data analysis, Decision Making, Adaptability, Dependability, Flexibility, Communication, Digital Literacy",2,TRUE,Manchester,25/01/2023,27/01/2023,Bravo
98,Morgan Thomas,M,37,Native American,UK,Research Analyst,Master,1,"Creative problem solving, Critical thinking, Decision Making, Adaptability, Dependability, Flexibility, Communication, Digital Literacy",3,TRUE,Birmingham,04/02/2023,07/02/2023,Delta
99,Casey Martin,F,52,Mixed,UK,Creative Technologist,Master,3,"Coding, Graphic design, Data Visualisation, Accounting, Data analysis, Decision Making, Adaptability, Dependability, Time management, Information processing, Communication, Researching",6,TRUE,Manchester,30/08/2023,25/09/2023,Delta
100,Casey White,F,33,South Asian,India,Associate,Bachelor,1,"Decision Making, Adaptability, Dependability, Flexibility, Communication, Digital Literacy",1,FALSE,Manchester,22/10/2023,26/10/2023,Bravo
101,Riley White,F,30,Asian,UK,Associate,Bachelor,1,"Decision Making, Adaptability, Dependability, Flexibility, Communication, Digital Literacy",2,TRUE,London,02/12/2023,17/12/2023,Alpha
102,Riley Thomas,F,59,Mixed,Brazil,Associate,Bachelor,2,"Decision Making, Adaptability, Dependability, Flexibility, Communication, Digital Literacy",1,TRUE,London,20/03/2023,21/03/2023,Bravo
103,Alex Harris,F,59,South Asian,UK,Data Scientist,Master,3,"Data analysis, Decision Making, Adaptability, Dependability, Time management, Information processing, Communication, Digital Literacy",4,TRUE,London,25/08/2023,01/09/2023,Alpha
104,Avery Taylor,F,55,White,Germany,Data Analyst,Bachelor,2,"Accounting, Data analysis, Decision Making, Adaptability, Dependability, Flexibility, Communication, Researching",2,TRUE,Manchester,20/04/2023,07/05/2023,Delta
105,Taylor Thomas,Other,40,South Asian,India,Data Scientist,Master,5,"Leadership, Troubleshooting, Accounting, Decision Making, Adaptability, Dependability, Time management, Information processing, Communication, Researching",4,TRUE,Bristol,08/11/2023,26/11/2023,Charlie
106,Avery Anderson,F,42,Asian,UK,Data Analyst,Bachelor,3,"Accounting, Data analysis, Decision Making, Adaptability, Dependability, Time management, Information processing, Communication, Researching",4,TRUE,London,15/11/2023,04/01/2024,Echo
107,Morgan Harris,M,28,Pacific Islander,UK,Creative Technologist,Master,2,"Coding, Graphic design, Data Visualisation, Accounting, Data analysis, Decision Making, Adaptability, Dependability, Flexibility, Communication, Researching",5,TRUE,Manchester,01/10/2023,25/10/2023,Bravo
108,Jamie Thomas,F,20,South Asian,UK,Data Analyst,Bachelor,1,"Data analysis, Decision Making, Adaptability, Dependability, Flexibility, Communication, Digital Literacy",2,TRUE,Bristol,09/03/2023,15/03/2023,Charlie
109,Taylor Jackson,M,24,Central Asian,Kazakhstan,Data Scientist,Master,4,"Troubleshooting, Accounting, Decision Making, Adaptability, Dependability, Time management, Information processing, Communication, Researching",4,TRUE,Bristol,19/09/2023,17/10/2023,Charlie
110,Quinn Brown,F,54,East Asian,South Korea,Associate,Bachelor,0,"Decision Making, Adaptability, Dependability, Flexibility, Communication, Digital Literacy",0,FALSE,Manchester,18/10/2023,13/01/2024,Echo
111,Riley Thomas,F,40,Native American,USA,Accountant,Bachelor,0,"Accounting, Decision Making, Adaptability, Dependability, Flexibility, Communication, Researching",1,FALSE,London,21/08/2023,31/08/2023,Charlie
112,Skyler Harris,F,43,South Asian,UK,Creative Technologist,Master,0,"Coding, Graphic design, Data Visualisation, Accounting, Data analysis, Decision Making, Adaptability, Dependability, Flexibility, Communication, Researching",4,TRUE,Bristol,10/02/2023,04/03/2023,Charlie
113,Taylor Harris,F,39,Native American,USA,Creative Technologist,Master,1,"Coding, Graphic design, Data Visualisation, Accounting, Data analysis, Decision Making, Adaptability, Dependability, Flexibility, Communication, Researching",3,TRUE,Manchester,19/07/2023,15/09/2023,Echo
114,Riley White,F,34,Southeast Asian,Thailand,Data Analyst,Bachelor,3,"Data analysis, Decision Making, Adaptability, Dependability, Time management, Information processing, Communication, Digital Literacy",2,TRUE,Bristol,22/10/2023,03/11/2023,Bravo
115,Riley Johnson,M,39,Asian,China,Data Analyst,Bachelor,3,"Data analysis, Decision Making, Adaptability, Dependability, Time management, Information processing, Communication, Digital Literacy",2,TRUE,Bristol,21/05/2023,31/05/2023,Alpha
116,Casey Smith,M,35,Other,Unknown,Associate,Bachelor,2,"Decision Making, Adaptability, Dependability, Flexibility, Communication, Digital Literacy",1,TRUE,Manchester,15/01/2023,12/02/2023,Charlie
117,Taylor Johnson,F,24,White,UK,Data Analyst,Bachelor,3,"Accounting, Decision Making, Adaptability, Dependability, Time management, Information processing, Communication, Researching",4,TRUE,London,25/11/2023,12/12/2023,Delta
118,Skyler Harris,F,57,Mixed,Brazil,Data Scientist,Master,3,"Troubleshooting, Accounting, Decision Making, Adaptability, Dependability, Time management, Information processing, Communication, Researching",3,TRUE,Manchester,24/05/2023,22/06/2023,Alpha
119,Morgan Martin,M,34,Pacific Islander,UK,Data Analyst,Bachelor,4,"Data analysis, Decision Making, Adaptability, Dependability, Time management, Information processing, Communication, Digital Literacy",4,TRUE,Bristol,10/10/2023,16/10/2023,Delta
120,Riley White,F,49,Native American,USA,Associate,Bachelor,1,"Decision Making, Adaptability, Dependability, Flexibility, Communication, Digital Literacy",1,FALSE,London,08/02/2023,31/03/2023,Echo
121,Jamie White,F,38,Middle Eastern,Iran,Accountant,Master,1,"Troubleshooting, Accounting, Decision Making, Adaptability, Dependability, Flexibility, Communication, Researching",2,TRUE,Manchester,29/10/2023,24/11/2023,Bravo
122,Alex White,M,54,Native American,USA,Data Analyst,Bachelor,5,"Leadership, Accounting, Data analysis, Decision Making, Adaptability, Dependability, Time management, Information processing, Communication, Researching",4,TRUE,Manchester,10/04/2023,17/06/2023,Echo
123,Alex Harris,F,24,South Asian,India,Data Scientist,Master,3,"Troubleshooting, Accounting, Decision Making, Adaptability, Dependability, Time management, Information processing, Communication, Researching",3,TRUE,Glasgow,21/06/2023,27/06/2023,Bravo
124,Avery Smith,F,37,Black or African American,Nigeria,Data Analyst,Bachelor,2,"Data analysis, Decision Making, Adaptability, Dependability, Flexibility, Communication, Digital Literacy",2,TRUE,Glasgow,13/01/2023,23/01/2023,Delta
125,Riley Harris,F,40,East Asian,South Korea,Research Analyst,Master,0,"Creative problem solving, Critical thinking, Decision Making, Adaptability, Dependability, Flexibility, Communication, Digital Literacy",2,TRUE,London,31/03/2023,14/04/2023,Delta
126,Taylor Brown,F,39,Hispanic or Latino,UK,Data Scientist,Master,3,"Creative problem solving, Critical thinking, Decision Making, Adaptability, Dependability, Time management, Information processing, Communication, Digital Literacy",4,TRUE,London,09/01/2023,06/02/2023,Bravo
127,Quinn Jackson,M,46,Black or African American,Nigeria,Data Scientist,Master,12,"Leadership, Project management, Troubleshooting, Accounting, Decision Making, Adaptability, Dependability, Time management, Mentoring, Information processing, Stakeholder engagement, Researching",8,TRUE,London,22/08/2023,17/09/2023,Bravo
128,Jordan Brown,F,53,Central Asian,Kazakhstan,Data Scientist,Master,3,"Troubleshooting, Accounting, Decision Making, Adaptability, Dependability, Time management, Information processing, Communication, Researching",3,TRUE,London,05/06/2023,28/06/2023,Bravo
129,Skyler Harris,F,54,Pacific Islander,UK,Data Analyst,Bachelor,1,"Accounting, Data analysis, Decision Making, Adaptability, Dependability, Flexibility, Communication, Researching",3,TRUE,Manchester,16/09/2023,06/10/2023,Charlie
130,Riley Brown,F,37,Central Asian,Kazakhstan,Data Analyst,Bachelor,2,"Data analysis, Decision Making, Adaptability, Dependability, Flexibility, Communication, Digital Literacy",2,TRUE,Glasgow,16/04/2023,04/06/2023,Echo
131,Riley Thomas,F,38,Asian,China,Data Analyst,Bachelor,5,"Leadership, Accounting, Data analysis, Decision Making, Adaptability, Dependability, Time management, Information processing, Communication, Researching",4,TRUE,London,01/01/2023,31/01/2023,Charlie
132,Casey Harris,F,42,East Asian,South Korea,Creative Technologist,Master,4,"Coding, Graphic design, Data Visualisation, Accounting, Data analysis, Decision Making, Adaptability, Dependability, Time management, Information processing, Communication, Researching",5,TRUE,London,30/03/2023,28/04/2023,Bravo
133,Jamie Harris,M,46,White,Germany,Research Analyst,High School,2,"Decision Making, Adaptability, Dependability, Flexibility, Communication, Researching",1,FALSE,Manchester,31/10/2023,08/11/2023,Alpha
134,Avery Thomas,F,36,South Asian,India,Research Analyst,Master,2,"Creative problem solving, Critical thinking, Decision Making, Adaptability, Dependability, Flexibility, Communication, Digital Literacy",2,TRUE,London,23/11/2023,17/12/2023,Bravo
135,Taylor Taylor,F,32,Black or African American,UK,Data Analyst,Bachelor,1,"Accounting, Data analysis, Decision Making, Adaptability, Dependability, Flexibility, Communication, Researching",3,TRUE,Bristol,21/05/2023,12/08/2023,Echo
136,Skyler Jackson,M,37,Southeast Asian,Thailand,Data Analyst,Bachelor,3,"Accounting, Decision Making, Adaptability, Dependability, Time management, Information processing, Communication, Researching",2,TRUE,London,03/09/2023,14/09/2023,Alpha
137,Jordan Thomas,F,44,Asian,China,Accountant,Master,0,"Troubleshooting, Accounting, Decision Making, Adaptability, Dependability, Flexibility, Communication, Researching",2,TRUE,Birmingham,22/07/2023,25/07/2023,Charlie
138,Taylor Jackson,M,55,Mixed,Brazil,Data Analyst,Bachelor,4,"Accounting, Decision Making, Adaptability, Dependability, Time management, Information processing, Communication, Researching",3,TRUE,Bristol,29/03/2023,16/04/2023,Bravo
139,Skyler Smith,M,45,Hispanic or Latino,Mexico,Research Analyst,Master,0,"Creative problem solving, Critical thinking, Decision Making, Adaptability, Dependability, Flexibility, Communication, Digital Literacy",2,TRUE,Bristol,09/10/2023,07/11/2023,Bravo
140,Jordan Johnson,M,30,Mixed,Brazil,Data Analyst,Bachelor,0,"Data analysis, Decision Making, Adaptability, Dependability, Flexibility, Communication, Digital Literacy",1,FALSE,Birmingham,22/04/2023,30/04/2023,Bravo
141,Skyler Brown,M,43,Central Asian,UK,Research Analyst,Master,0,"Creative problem solving, Critical thinking, Decision Making, Adaptability, Dependability, Flexibility, Communication, Digital Literacy",3,TRUE,Bristol,27/03/2023,30/03/2023,Alpha
142,Jamie Brown,M,25,Mixed,Brazil,Associate,Bachelor,2,"Decision Making, Adaptability, Dependability, Flexibility, Communication, Digital Literacy",1,TRUE,London,27/05/2023,05/06/2023,Bravo
143,Jordan Johnson,M,47,Southeast Asian,Thailand,Associate,Bachelor,1,"Decision Making, Adaptability, Dependability, Flexibility, Communication, Digital Literacy",1,FALSE,London,05/04/2023,24/06/2023,Echo
144,Jordan Martin,F,33,Central Asian,Kazakhstan,Accountant,Bachelor,0,"Accounting, Decision Making, Adaptability, Dependability, Flexibility, Communication, Researching",1,FALSE,Bristol,30/06/2023,16/07/2023,Bravo
145,Taylor Jackson,F,18,Other,Unknown,Data Analyst,Bachelor,2,"Accounting, Data analysis, Decision Making, Adaptability, Dependability, Flexibility, Communication, Researching",2,TRUE,Bristol,13/10/2023,26/10/2023,Bravo
146,Quinn Jackson,M,43,Middle Eastern,Iran,Research Analyst,High School,2,"Decision Making, Adaptability, Dependability, Flexibility, Communication, Researching",1,FALSE,Birmingham,06/10/2023,29/10/2023,Alpha
147,Skyler Martin,M,38,Hispanic or Latino,UK,Data Analyst,Bachelor,2,"Accounting, Data analysis, Decision Making, Adaptability, Dependability, Flexibility, Communication, Researching",3,TRUE,Bristol,19/07/2023,08/08/2023,Alpha
148,Taylor Anderson,F,44,Southeast Asian,UK,Creative Technologist,PhD,1,"Coding, Graphic design, Data Visualisation, Accounting, Data analysis, Decision Making, Adaptability, Dependability, Flexibility, Communication, Researching",5,TRUE,Manchester,08/09/2023,05/10/2023,Alpha
149,Avery Thomas,F,47,Hispanic or Latino,Mexico,Associate,Bachelor,0,"Decision Making, Adaptability, Dependability, Flexibility, Communication, Digital Literacy",0,FALSE,Manchester,08/07/2023,26/07/2023,Bravo
150,Jordan Taylor,F,44,Middle Eastern,Iran,Research Analyst,PhD,0,"Creative problem solving, Critical thinking, Decision Making, Adaptability, Dependability, Flexibility, Communication, Digital Literacy",2,TRUE,London,08/06/2023,16/06/2023,Bravo
151,Quinn Martin,F,36,Central Asian,Kazakhstan,Data Scientist,Master,2,"Data analysis, Decision Making, Adaptability, Dependability, Flexibility, Communication, Digital Literacy",2,TRUE,London,05/08/2023,01/09/2023,Delta
152,Jordan Smith,M,47,Native American,UK,Associate,Bachelor,2,"Decision Making, Adaptability, Dependability, Flexibility, Communication, Digital Literacy",2,TRUE,London,11/12/2023,29/12/2023,Delta
153,Riley Smith,Other,42,Other,Unknown,Associate,Bachelor,1,"Decision Making, Adaptability, Dependability, Flexibility, Communication, Digital Literacy",1,FALSE,London,03/04/2023,11/04/2023,Delta
154,Taylor Taylor,F,55,Central Asian,Kazakhstan,Accountant,Bachelor,0,"Accounting, Decision Making, Adaptability, Dependability, Flexibility, Communication, Researching",1,FALSE,London,04/11/2023,14/11/2023,Bravo
155,Quinn Thomas,M,32,Middle Eastern,Iran,Data Analyst,Bachelor,1,"Accounting, Data analysis, Decision Making, Adaptability, Dependability, Flexibility, Communication, Researching",2,TRUE,London,03/02/2023,01/03/2023,Bravo
156,Avery Harris,M,30,Black or African American,UK,Accountant,Bachelor,0,"Accounting, Decision Making, Adaptability, Dependability, Flexibility, Communication, Researching",2,TRUE,Manchester,31/08/2023,30/09/2023,Charlie
157,Morgan Thomas,M,27,Southeast Asian,Thailand,Data Analyst,Bachelor,6,"Leadership, Data analysis, Decision Making, Adaptability, Dependability, Time management, Mentoring, Information processing, Communication, Digital Literacy",4,TRUE,Bristol,13/06/2023,01/07/2023,Delta
158,Jordan Brown,F,59,East Asian,South Korea,Data Analyst,Bachelor,2,"Accounting, Data analysis, Decision Making, Adaptability, Dependability, Flexibility, Communication, Researching",2,TRUE,London,11/05/2023,01/06/2023,Bravo
159,Jamie Harris,F,49,Southeast Asian,Thailand,Research Analyst,High School,0,"Decision Making, Adaptability, Dependability, Flexibility, Communication, Researching",0,FALSE,Bristol,01/04/2023,18/04/2023,Charlie
160,Taylor Brown,F,54,Hispanic or Latino,Mexico,Data Analyst,Bachelor,2,"Data analysis, Decision Making, Adaptability, Dependability, Flexibility, Communication, Digital Literacy",2,TRUE,Birmingham,19/02/2023,21/03/2023,Delta
161,Jamie Taylor,F,39,East Asian,UK,Research Analyst,Master,2,"Creative problem solving, Critical thinking, Decision Making, Adaptability, Dependability, Flexibility, Communication, Digital Literacy",4,TRUE,Manchester,09/04/2023,01/05/2023,Delta
162,Jordan Taylor,M,35,Other,UK,Data Analyst,Bachelor,5,"Leadership, Accounting, Decision Making, Adaptability, Dependability, Time management, Information processing, Communication, Researching",5,TRUE,London,26/08/2023,07/09/2023,Alpha
163,Casey Thomas,M,65,South Asian,UK,Data Analyst,Bachelor,2,"Data analysis, Decision Making, Adaptability, Dependability, Flexibility, Communication, Digital Literacy",3,TRUE,London,24/11/2023,11/01/2024,Echo
164,Jamie Johnson,M,27,Southeast Asian,UK,Data Analyst,Bachelor,4,"Accounting, Data analysis, Decision Making, Adaptability, Dependability, Time management, Information processing, Communication, Researching",4,TRUE,Glasgow,23/04/2023,10/05/2023,Alpha
165,Casey Martin,M,40,Other,Unknown,Data Scientist,Master,2,"Data analysis, Decision Making, Adaptability, Dependability, Flexibility, Communication, Digital Literacy",2,TRUE,Bristol,07/08/2023,03/09/2023,Alpha
166,Taylor Taylor,M,36,Hispanic or Latino,Mexico,Data Analyst,Bachelor,2,"Accounting, Data analysis, Decision Making, Adaptability, Dependability, Flexibility, Communication, Researching",2,TRUE,Bristol,03/10/2023,27/10/2023,Alpha
167,Quinn White,F,50,Pacific Islander,Fiji,Data Analyst,Bachelor,6,"Leadership, Accounting, Data analysis, Decision Making, Adaptability, Dependability, Time management, Mentoring, Information processing, Communication, Researching",5,TRUE,Bristol,01/04/2023,12/04/2023,Charlie
168,Casey Anderson,M,50,Southeast Asian,UK,Data Analyst,Bachelor,3,"Data analysis, Decision Making, Adaptability, Dependability, Time management, Information processing, Communication, Digital Literacy",4,TRUE,Glasgow,28/04/2023,20/05/2023,Bravo
169,Jordan Johnson,M,29,Middle Eastern,Iran,Data Analyst,Bachelor,3,"Decision Making, Adaptability, Dependability, Time management, Information processing, Communication, Digital Literacy",2,TRUE,Bristol,17/03/2023,04/06/2023,Echo
170,Jordan Martin,F,33,Central Asian,Kazakhstan,Data Analyst,Bachelor,8,"Leadership, Accounting, Decision Making, Adaptability, Dependability, Time management, Mentoring, Information processing, Stakeholder engagement, Researching",5,TRUE,Manchester,03/04/2023,04/04/2023,Charlie
171,Alex Anderson,F,39,Other,Unknown,Accountant,Master,1,"Troubleshooting, Accounting, Decision Making, Adaptability, Dependability, Flexibility, Communication, Researching",2,TRUE,Bristol,07/01/2023,25/01/2023,Alpha
172,Casey Brown,F,57,Black or African American,Nigeria,Data Analyst,Bachelor,5,"Leadership, Accounting, Decision Making, Adaptability, Dependability, Time management, Information processing, Communication, Researching",4,TRUE,Bristol,21/02/2023,05/03/2023,Bravo
173,Taylor Harris,F,30,Mixed,UK,Research Analyst,High School,1,"Decision Making, Adaptability, Dependability, Flexibility, Communication, Researching",2,TRUE,Manchester,10/09/2023,15/09/2023,Delta
174,Riley Brown,M,25,White,Germany,Data Analyst,Bachelor,2,"Data analysis, Decision Making, Adaptability, Dependability, Flexibility, Communication, Digital Literacy",2,TRUE,London,17/07/2023,14/08/2023,Charlie
175,Casey Smith,M,46,Central Asian,UK,Accountant,Master,2,"Troubleshooting, Accounting, Decision Making, Adaptability, Dependability, Flexibility, Communication, Researching",4,TRUE,Manchester,22/07/2023,07/08/2023,Bravo
176,Riley Johnson,M,18,Native American,UK,Accountant,Master,1,"Troubleshooting, Accounting, Decision Making, Adaptability, Dependability, Flexibility, Communication, Researching",3,TRUE,Manchester,01/02/2023,04/02/2023,Bravo
177,Riley Thomas,F,61,Asian,China,Data Scientist,Master,3,"Troubleshooting, Accounting, Decision Making, Adaptability, Dependability, Time management, Information processing, Communication, Researching",3,TRUE,London,26/04/2023,23/07/2023,Echo
178,Jordan White,M,42,Middle Eastern,UK,Associate,Bachelor,2,"Decision Making, Adaptability, Dependability, Flexibility, Communication, Digital Literacy",2,TRUE,London,01/08/2023,16/08/2023,Charlie
179,Skyler Smith,M,45,Asian,UK,Research Analyst,Master,1,"Creative problem solving, Critical thinking, Decision Making, Adaptability, Dependability, Flexibility, Communication, Digital Literacy",3,TRUE,Glasgow,21/11/2023,07/12/2023,Charlie
180,Casey Anderson,F,35,Other,Unknown,Data Analyst,Bachelor,3,"Decision Making, Adaptability, Dependability, Time management, Information processing, Communication, Digital Literacy",2,TRUE,London,21/06/2023,01/07/2023,Charlie
181,Jamie Martin,M,43,Southeast Asian,Thailand,Creative Technologist,Master,1,"Coding, Graphic design, Data Visualisation, Accounting, Data analysis, Decision Making, Adaptability, Dependability, Flexibility, Communication, Researching",3,TRUE,Glasgow,11/05/2023,01/06/2023,Charlie
182,Jordan Martin,F,38,Pacific Islander,UK,Data Analyst,Bachelor,1,"Data analysis, Decision Making, Adaptability, Dependability, Flexibility, Communication, Digital Literacy",2,TRUE,Bristol,18/03/2023,19/03/2023,Alpha
183,Casey Jackson,M,34,Middle Eastern,Iran,Accountant,Bachelor,2,"Accounting, Decision Making, Adaptability, Dependability, Flexibility, Communication, Researching",2,TRUE,Bristol,03/05/2023,20/05/2023,Delta
184,Avery Jackson,F,39,Black or African American,UK,Data Analyst,Bachelor,5,"Leadership, Accounting, Data analysis, Decision Making, Adaptability, Dependability, Time management, Information processing, Communication, Researching",5,TRUE,Birmingham,05/07/2023,24/07/2023,Charlie
185,Morgan Smith,F,51,Southeast Asian,Thailand,Data Scientist,Master,0,"Data analysis, Decision Making, Adaptability, Dependability, Flexibility, Communication, Digital Literacy",1,TRUE,Bristol,20/02/2023,21/03/2023,Delta
186,Morgan Brown,M,44,Southeast Asian,Thailand,Research Analyst,High School,0,"Decision Making, Adaptability, Dependability, Flexibility, Communication, Researching",0,FALSE,Manchester,05/02/2023,18/04/2023,Echo
187,Taylor Thomas,F,28,Native American,USA,Research Analyst,Master,1,"Creative problem solving, Critical thinking, Decision Making, Adaptability, Dependability, Flexibility, Communication, Digital Literacy",2,TRUE,Manchester,19/11/2023,08/12/2023,Charlie
188,Morgan White,F,40,Other,Unknown,Data Scientist,Master,5,"Leadership, Creative problem solving, Critical thinking, Decision Making, Adaptability, Dependability, Time management, Information processing, Communication, Digital Literacy",4,TRUE,London,31/12/2023,30/01/2024,Bravo
189,Riley Taylor,M,35,East Asian,UK,Data Scientist,Master,0,"Data analysis, Decision Making, Adaptability, Dependability, Flexibility, Communication, Digital Literacy",2,TRUE,Bristol,19/10/2023,18/11/2023,Delta
190,Casey Smith,M,18,Pacific Islander,Fiji,Accountant,Bachelor,2,"Accounting, Decision Making, Adaptability, Dependability, Flexibility, Communication, Researching",2,TRUE,London,11/01/2023,08/02/2023,Delta
191,Taylor Taylor,M,44,Black or African American,Nigeria,Data Analyst,Bachelor,4,"Accounting, Decision Making, Adaptability, Dependability, Time management, Information processing, Communication, Researching",3,TRUE,Manchester,12/07/2023,07/08/2023,Bravo
192,Avery Martin,F,45,Pacific Islander,Fiji,Research Analyst,High School,0,"Decision Making, Adaptability, Dependability, Flexibility, Communication, Researching",0,FALSE,Birmingham,19/12/2023,20/12/2023,Alpha
193,Quinn Brown,M,39,White,UK,Accountant,Bachelor,0,"Accounting, Decision Making, Adaptability, Dependability, Flexibility, Communication, Researching",2,TRUE,Bristol,15/05/2023,07/06/2023,Alpha
194,Quinn Harris,F,32,Mixed,UK,Research Analyst,Master,1,"Creative problem solving, Critical thinking, Decision Making, Adaptability, Dependability, Flexibility, Communication, Digital Literacy",3,TRUE,Birmingham,10/02/2023,30/04/2023,Echo
195,Avery Thomas,F,28,White,UK,Creative Technologist,Master,0,"Coding, Graphic design, Data Visualisation, Accounting, Data analysis, Decision Making, Adaptability, Dependability, Flexibility, Communication, Researching",4,TRUE,Bristol,31/03/2023,22/05/2023,Echo
196,Quinn Harris,F,44,South Asian,India,Data Analyst,Bachelor,1,"Accounting, Data analysis, Decision Making, Adaptability, Dependability, Flexibility, Communication, Researching",2,TRUE,Bristol,12/03/2023,02/04/2023,Alpha
197,Casey Brown,F,41,Asian,UK,Data Analyst,Bachelor,2,"Accounting, Data analysis, Decision Making, Adaptability, Dependability, Flexibility, Communication, Researching",3,TRUE,Manchester,06/05/2023,28/05/2023,Delta
198,Jamie Harris,F,49,Native American,USA,Associate,Bachelor,1,"Decision Making, Adaptability, Dependability, Flexibility, Communication, Digital Literacy",1,FALSE,Bristol,04/11/2023,13/11/2023,Alpha
199,Alex Brown,M,44,Native American,UK,Research Analyst,Master,0,"Creative problem solving, Critical thinking, Decision Making, Adaptability, Dependability, Flexibility, Communication, Digital Literacy",3,TRUE,London,29/06/2023,03/07/2023,Delta
200,Taylor Brown,F,34,Black or African American,UK,Data Analyst,Bachelor,2,"Accounting, Data analysis, Decision Making, Adaptability, Dependability, Flexibility, Communication, Researching",3,TRUE,Glasgow,06/06/2023,08/06/2023,Delta
201,Avery Jackson,M,44,Southeast Asian,Thailand,Data Analyst,Bachelor,0,"Accounting, Data analysis, Decision Making, Adaptability, Dependability, Flexibility, Communication, Researching",1,TRUE,Birmingham,18/01/2023,19/01/2023,Alpha
202,Avery Anderson,F,42,Asian,China,Creative Technologist,Master,2,"Coding, Graphic design, Data Visualisation, Accounting, Data analysis, Decision Making, Adaptability, Dependability, Flexibility, Communication, Researching",4,TRUE,London,16/02/2023,17/02/2023,Charlie
203,Quinn Anderson,F,38,Middle Eastern,Iran,Data Scientist,Master,0,"Data analysis, Decision Making, Adaptability, Dependability, Flexibility, Communication, Digital Literacy",1,TRUE,Birmingham,10/03/2023,26/04/2023,Echo
204,Quinn Johnson,F,25,Hispanic or Latino,UK,Data Scientist,Master,4,"Data analysis, Decision Making, Adaptability, Dependability, Time management, Information processing, Communication, Digital Literacy",4,TRUE,Manchester,21/05/2023,01/06/2023,Delta
205,Taylor White,F,42,Mixed,UK,Research Analyst,Master,2,"Creative problem solving, Critical thinking, Decision Making, Adaptability, Dependability, Flexibility, Communication, Digital Literacy",4,TRUE,London,17/06/2023,30/06/2023,Bravo
206,Avery Taylor,F,49,Black or African American,Nigeria,Research Analyst,Master,2,"Creative problem solving, Critical thinking, Decision Making, Adaptability, Dependability, Flexibility, Communication, Digital Literacy",2,TRUE,London,03/01/2023,26/02/2023,Echo
207,Casey Harris,M,54,Central Asian,UK,Data Scientist,Master,3,"Creative problem solving, Critical thinking, Decision Making, Adaptability, Dependability, Time management, Information processing, Communication, Digital Literacy",4,TRUE,Glasgow,05/09/2023,18/11/2023,Echo
208,Skyler Johnson,F,27,Other,Unknown,Associate,Bachelor,1,"Decision Making, Adaptability, Dependability, Flexibility, Communication, Digital Literacy",1,FALSE,Glasgow,13/05/2023,06/08/2023,Echo
209,Avery Brown,F,48,Middle Eastern,Iran,Accountant,Master,2,"Troubleshooting, Accounting, Decision Making, Adaptability, Dependability, Flexibility, Communication, Researching",2,TRUE,Bristol,20/02/2023,11/03/2023,Bravo
210,Skyler Jackson,M,48,Black or African American,Nigeria,Data Analyst,Bachelor,1,"Data analysis, Decision Making, Adaptability, Dependability, Flexibility, Communication, Digital Literacy",1,TRUE,London,02/12/2023,29/12/2023,Bravo
211,Avery Thomas,F,54,Native American,USA,Accountant,Bachelor,1,"Accounting, Decision Making, Adaptability, Dependability, Flexibility, Communication, Researching",1,TRUE,Bristol,12/01/2023,21/01/2023,Charlie
212,Morgan Harris,M,33,Mixed,Brazil,Accountant,Bachelor,2,"Accounting, Decision Making, Adaptability, Dependability, Flexibility, Communication, Researching",2,TRUE,London,18/04/2023,10/05/2023,Alpha
213,Jamie Smith,F,31,Pacific Islander,Fiji,Data Analyst,Bachelor,1,"Data analysis, Decision Making, Adaptability, Dependability, Flexibility, Communication, Digital Literacy",1,TRUE,London,27/04/2023,14/06/2023,Echo
214,Jordan Thomas,M,49,South Asian,India,Associate,Bachelor,1,"Decision Making, Adaptability, Dependability, Flexibility, Communication, Digital Literacy",1,FALSE,Glasgow,20/06/2023,03/09/2023,Echo
215,Taylor Smith,M,45,South Asian,India,Associate,Bachelor,1,"Decision Making, Adaptability, Dependability, Flexibility, Communication, Digital Literacy",1,FALSE,London,28/09/2023,12/10/2023,Delta
216,Quinn Taylor,M,48,South Asian,India,Associate,Bachelor,0,"Decision Making, Adaptability, Dependability, Flexibility, Communication, Digital Literacy",0,FALSE,Bristol,28/11/2023,29/01/2024,Echo
217,Jordan Harris,F,41,Central Asian,Kazakhstan,Accountant,PhD,2,"Troubleshooting, Accounting, Decision Making, Adaptability, Dependability, Flexibility, Communication, Researching",3,TRUE,Glasgow,03/05/2023,04/05/2023,Delta
218,Skyler Anderson,M,62,Central Asian,Kazakhstan,Data Scientist,Master,5,"Leadership, Creative problem solving, Critical thinking, Decision Making, Adaptability, Dependability, Time management, Information processing, Communication, Digital Literacy",4,TRUE,Glasgow,02/10/2023,24/10/2023,Charlie
219,Alex Johnson,F,40,Central Asian,Kazakhstan,Data Analyst,Bachelor,7,"Leadership, Decision Making, Adaptability, Dependability, Time management, Mentoring, Information processing, Communication, Digital Literacy",4,TRUE,London,23/08/2023,26/08/2023,Bravo
220,Avery Thomas,F,37,Asian,UK,Data Scientist,Master,1,"Data analysis, Decision Making, Adaptability, Dependability, Flexibility, Communication, Digital Literacy",3,TRUE,London,21/01/2023,20/02/2023,Charlie
221,Jordan Jackson,M,30,Asian,UK,Data Analyst,Bachelor,0,"Data analysis, Decision Making, Adaptability, Dependability, Flexibility, Communication, Digital Literacy",2,TRUE,London,28/01/2023,02/02/2023,Delta
222,Jordan Taylor,M,41,Middle Eastern,UK,Data Analyst,Bachelor,5,"Leadership, Accounting, Data analysis, Decision Making, Adaptability, Dependability, Time management, Information processing, Communication, Researching",5,TRUE,Bristol,21/06/2023,15/08/2023,Echo
223,Alex Harris,F,51,Southeast Asian,Thailand,Data Analyst,Bachelor,2,"Accounting, Data analysis, Decision Making, Adaptability, Dependability, Flexibility, Communication, Researching",2,TRUE,Birmingham,05/11/2023,29/01/2024,Echo
224,Avery White,M,40,Mixed,Brazil,Associate,Bachelor,1,"Decision Making, Adaptability, Dependability, Flexibility, Communication, Digital Literacy",1,FALSE,London,11/12/2023,07/01/2024,Charlie
225,Morgan White,M,38,Other,UK,Accountant,Bachelor,0,"Accounting, Decision Making, Adaptability, Dependability, Flexibility, Communication, Researching",2,TRUE,London,20/06/2023,27/06/2023,Alpha
226,Morgan Taylor,M,36,Native American,USA,Creative Technologist,Master,0,"Coding, Graphic design, Data Visualisation, Accounting, Data analysis, Decision Making, Adaptability, Dependability, Flexibility, Communication, Researching",3,TRUE,Bristol,03/03/2023,13/03/2023,Alpha
227,Jordan Martin,F,55,Native American,UK,Accountant,Master,2,"Troubleshooting, Accounting, Decision Making, Adaptability, Dependability, Flexibility, Communication, Researching",4,TRUE,London,11/07/2023,29/07/2023,Charlie
228,Jordan Taylor,M,34,Mixed,Brazil,Associate,Bachelor,1,"Decision Making, Adaptability, Dependability, Flexibility, Communication, Digital Literacy",1,FALSE,London,27/09/2023,22/10/2023,Bravo
229,Riley Taylor,M,36,East Asian,South Korea,Data Analyst,Bachelor,3,"Data analysis, Decision Making, Adaptability, Dependability, Time management, Information processing, Communication, Digital Literacy",2,TRUE,Manchester,01/06/2023,25/06/2023,Charlie
230,Avery Smith,M,30,Black or African American,Nigeria,Accountant,Bachelor,2,"Accounting, Decision Making, Adaptability, Dependability, Flexibility, Communication, Researching",2,TRUE,Birmingham,03/06/2023,25/06/2023,Delta
231,Jordan Harris,M,55,Middle Eastern,UK,Data Analyst,Bachelor,2,"Accounting, Data analysis, Decision Making, Adaptability, Dependability, Flexibility, Communication, Researching",3,TRUE,London,29/04/2023,08/05/2023,Alpha
232,Casey Anderson,F,25,East Asian,South Korea,Accountant,Bachelor,2,"Accounting, Decision Making, Adaptability, Dependability, Flexibility, Communication, Researching",2,TRUE,London,12/04/2023,07/06/2023,Echo
233,Riley Thomas,M,56,Middle Eastern,Iran,Data Analyst,Bachelor,1,"Data analysis, Decision Making, Adaptability, Dependability, Flexibility, Communication, Digital Literacy",1,TRUE,London,27/10/2023,28/10/2023,Alpha
234,Casey Jackson,F,33,Southeast Asian,UK,Accountant,Bachelor,2,"Accounting, Decision Making, Adaptability, Dependability, Flexibility, Communication, Researching",3,TRUE,Bristol,16/10/2023,24/10/2023,Charlie
235,Jamie White,M,34,East Asian,South Korea,Research Analyst,Master,2,"Creative problem solving, Critical thinking, Decision Making, Adaptability, Dependability, Flexibility, Communication, Digital Literacy",2,TRUE,London,02/11/2023,15/01/2024,Echo
236,Taylor Smith,F,37,Asian,China,Data Analyst,Bachelor,2,"Accounting, Data analysis, Decision Making, Adaptability, Dependability, Flexibility, Communication, Researching",2,TRUE,Bristol,02/07/2023,05/07/2023,Delta
237,Avery White,F,29,White,Germany,Data Analyst,Bachelor,1,"Accounting, Data analysis, Decision Making, Adaptability, Dependability, Flexibility, Communication, Researching",2,TRUE,Manchester,29/06/2023,11/07/2023,Alpha
238,Morgan Thomas,M,41,Other,Unknown,Data Analyst,Bachelor,1,"Data analysis, Decision Making, Adaptability, Dependability, Flexibility, Communication, Digital Literacy",1,TRUE,Bristol,23/03/2023,24/05/2023,Echo
239,Avery Smith,F,32,Black or African American,UK,Data Analyst,Bachelor,6,"Leadership, Accounting, Decision Making, Adaptability, Dependability, Time management, Mentoring, Information processing, Communication, Researching",6,TRUE,London,14/06/2023,01/07/2023,Alpha
240,Skyler Taylor,M,52,Native American,USA,Data Scientist,Master,4,"Creative problem solving, Critical thinking, Decision Making, Adaptability, Dependability, Time management, Information processing, Communication, Digital Literacy",4,TRUE,Manchester,08/07/2023,26/07/2023,Delta
241,Quinn Taylor,F,47,Mixed,UK,Data Analyst,Bachelor,2,"Data analysis, Decision Making, Adaptability, Dependability, Flexibility, Communication, Digital Literacy",3,TRUE,London,10/05/2023,29/05/2023,Delta
242,Morgan Johnson,F,35,South Asian,UK,Accountant,Master,1,"Troubleshooting, Accounting, Decision Making, Adaptability, Dependability, Flexibility, Communication, Researching",3,TRUE,London,22/07/2023,19/09/2023,Echo
243,Avery Martin,F,51,Asian,UK,Data Analyst,High School,6,"Leadership, Decision Making, Adaptability, Dependability, Time management, Mentoring, Information processing, Communication, Researching",5,TRUE,Bristol,11/09/2023,19/09/2023,Alpha
244,Riley Brown,F,38,Asian,UK,Data Scientist,Master,1,"Data analysis, Decision Making, Adaptability, Dependability, Flexibility, Communication, Digital Literacy",3,TRUE,London,05/10/2023,10/10/2023,Bravo
245,Morgan Smith,F,24,Southeast Asian,Thailand,Research Analyst,High School,0,"Decision Making, Adaptability, Dependability, Flexibility, Communication, Researching",0,FALSE,London,28/08/2023,20/10/2023,Echo
246,Casey Jackson,M,40,White,Germany,Research Analyst,High School,1,"Decision Making, Adaptability, Dependability, Flexibility, Communication, Researching",0,FALSE,Bristol,12/01/2023,31/03/2023,Echo
247,Riley Smith,F,50,Mixed,Brazil,Research Analyst,Master,1,"Creative problem solving, Critical thinking, Decision Making, Adaptability, Dependability, Flexibility, Communication, Digital Literacy",2,TRUE,London,22/01/2023,04/02/2023,Alpha
248,Taylor Thomas,M,38,South Asian,India,Accountant,Bachelor,1,"Accounting, Decision Making, Adaptability, Dependability, Flexibility, Communication, Researching",1,TRUE,Manchester,13/09/2023,01/10/2023,Alpha
249,Jamie Brown,M,37,Central Asian,UK,Data Analyst,Bachelor,7,"Leadership, Accounting, Decision Making, Adaptability, Dependability, Time management, Mentoring, Information processing, Communication, Researching",6,TRUE,Bristol,18/11/2023,24/11/2023,Charlie
250,Alex White,F,33,Hispanic or Latino,Mexico,Creative Technologist,Master,1,"Coding, Graphic design, Data Visualisation, Accounting, Data analysis, Decision Making, Adaptability, Dependability, Flexibility, Communication, Researching",3,TRUE,Manchester,14/12/2023,17/12/2023,Alpha
251,Jordan Jackson,M,38,East Asian,South Korea,Data Analyst,Bachelor,2,"Accounting, Data analysis, Decision Making, Adaptability, Dependability, Flexibility, Communication, Researching",2,TRUE,Glasgow,21/08/2023,14/09/2023,Charlie
252,Riley White,F,38,Hispanic or Latino,UK,Data Analyst,Bachelor,1,"Data analysis, Decision Making, Adaptability, Dependability, Flexibility, Communication, Digital Literacy",2,TRUE,Glasgow,12/10/2023,28/10/2023,Charlie
253,Avery Anderson,F,47,Pacific Islander,UK,Data Analyst,Bachelor,9,"Leadership, Project management, Data analysis, Decision Making, Adaptability, Dependability, Time management, Mentoring, Information processing, Stakeholder engagement, Digital Literacy",7,TRUE,London,17/08/2023,18/08/2023,Charlie
254,Avery Thomas,M,39,Pacific Islander,Fiji,Accountant,Master,1,"Troubleshooting, Accounting, Decision Making, Adaptability, Dependability, Flexibility, Communication, Researching",2,TRUE,Birmingham,14/01/2023,08/02/2023,Charlie
255,Taylor Brown,M,41,White,UK,Data Scientist,Master,1,"Data analysis, Decision Making, Adaptability, Dependability, Flexibility, Communication, Digital Literacy",3,TRUE,Bristol,30/09/2023,05/10/2023,Bravo
256,Taylor Anderson,F,46,Middle Eastern,UK,Data Analyst,Bachelor,3,"Data analysis, Decision Making, Adaptability, Dependability, Time management, Information processing, Communication, Digital Literacy",4,TRUE,London,12/11/2023,06/12/2023,Delta
257,Alex Johnson,M,39,East Asian,South Korea,Accountant,Bachelor,1,"Accounting, Decision Making, Adaptability, Dependability, Flexibility, Communication, Researching",1,TRUE,London,05/09/2023,14/11/2023,Echo
258,Skyler Anderson,M,43,Other,Unknown,Associate,Bachelor,0,"Decision Making, Adaptability, Dependability, Flexibility, Communication, Digital Literacy",0,FALSE,Manchester,15/01/2023,16/01/2023,Bravo
259,Riley White,F,48,Native American,USA,Accountant,Master,2,"Troubleshooting, Accounting, Decision Making, Adaptability, Dependability, Flexibility, Communication, Researching",2,TRUE,Bristol,04/09/2023,09/11/2023,Echo
260,Alex Brown,M,35,White,Germany,Data Analyst,Bachelor,0,"Data analysis, Decision Making, Adaptability, Dependability, Flexibility, Communication, Digital Literacy",1,FALSE,London,24/03/2023,28/03/2023,Alpha
261,Casey Thomas,F,39,White,Germany,Data Scientist,Master,5,"Leadership, Troubleshooting, Accounting, Decision Making, Adaptability, Dependability, Time management, Information processing, Communication, Researching",4,TRUE,Bristol,25/04/2023,19/05/2023,Charlie
262,Riley Anderson,F,51,South Asian,India,Data Analyst,Bachelor,3,"Data analysis, Decision Making, Adaptability, Dependability, Time management, Information processing, Communication, Digital Literacy",2,TRUE,London,20/11/2023,13/12/2023,Bravo
263,Morgan Johnson,F,34,Central Asian,UK,Associate,Bachelor,2,"Decision Making, Adaptability, Dependability, Flexibility, Communication, Digital Literacy",2,TRUE,London,24/07/2023,08/08/2023,Charlie
264,Casey Martin,F,35,South Asian,India,Data Analyst,Bachelor,1,"Accounting, Data analysis, Decision Making, Adaptability, Dependability, Flexibility, Communication, Researching",2,TRUE,London,26/05/2023,08/06/2023,Delta
265,Taylor Martin,M,49,Southeast Asian,Thailand,Data Analyst,Bachelor,3,"Decision Making, Adaptability, Dependability, Time management, Information processing, Communication, Digital Literacy",2,TRUE,Glasgow,07/01/2023,20/03/2023,Echo
266,Riley Thomas,F,21,Central Asian,Kazakhstan,Data Scientist,Master,3,"Data analysis, Decision Making, Adaptability, Dependability, Time management, Information processing, Communication, Digital Literacy",3,TRUE,Manchester,06/02/2023,05/05/2023,Echo
267,Riley Taylor,F,52,Southeast Asian,UK,Data Analyst,Bachelor,1,"Data analysis, Decision Making, Adaptability, Dependability, Flexibility, Communication, Digital Literacy",2,TRUE,Bristol,08/03/2023,20/03/2023,Bravo
268,Morgan Johnson,M,44,Pacific Islander,UK,Data Analyst,Bachelor,2,"Data analysis, Decision Making, Adaptability, Dependability, Flexibility, Communication, Digital Literacy",3,TRUE,Manchester,01/07/2023,04/07/2023,Alpha
269,Skyler Brown,M,25,Pacific Islander,Fiji,Data Scientist,Master,6,"Leadership, Data analysis, Decision Making, Adaptability, Dependability, Time management, Mentoring, Information processing, Communication, Digital Literacy",5,TRUE,Manchester,31/01/2023,04/02/2023,Alpha
270,Taylor Jackson,F,35,Mixed,UK,Data Scientist,Master,5,"Leadership, Creative problem solving, Critical thinking, Decision Making, Adaptability, Dependability, Time management, Information processing, Communication, Digital Literacy",6,TRUE,Birmingham,23/04/2023,13/06/2023,Echo
271,Riley Taylor,M,22,Black or African American,UK,Data Scientist,Master,0,"Data analysis, Decision Making, Adaptability, Dependability, Flexibility, Communication, Digital Literacy",2,TRUE,Bristol,08/02/2023,13/02/2023,Charlie
272,Riley White,F,38,Hispanic or Latino,Mexico,Data Scientist,Master,3,"Creative problem solving, Critical thinking, Decision Making, Adaptability, Dependability, Time management, Information processing, Communication, Digital Literacy",3,TRUE,Manchester,25/08/2023,22/09/2023,Bravo
273,Avery Anderson,M,41,Central Asian,UK,Accountant,Master,0,"Troubleshooting, Accounting, Decision Making, Adaptability, Dependability, Flexibility, Communication, Researching",3,TRUE,Manchester,21/04/2023,25/04/2023,Bravo
274,Morgan Harris,F,36,East Asian,South Korea,Accountant,Bachelor,1,"Accounting, Decision Making, Adaptability, Dependability, Flexibility, Communication, Researching",1,TRUE,Manchester,05/06/2023,16/06/2023,Alpha
275,Avery Thomas,F,36,Hispanic or Latino,Mexico,Data Analyst,Bachelor,0,"Data analysis, Decision Making, Adaptability, Dependability, Flexibility, Communication, Digital Literacy",1,FALSE,London,16/02/2023,15/05/2023,Echo
276,Casey Thomas,F,41,Southeast Asian,Thailand,Accountant,Bachelor,2,"Accounting, Decision Making, Adaptability, Dependability, Flexibility, Communication, Researching",2,TRUE,Bristol,16/09/2023,28/09/2023,Alpha
277,Taylor Anderson,M,44,Mixed,Brazil,Creative Technologist,Master,2,"Coding, Graphic design, Data Visualisation, Accounting, Data analysis, Decision Making, Adaptability, Dependability, Flexibility, Communication, Researching",4,TRUE,London,22/02/2023,13/03/2023,Bravo
278,Jordan Anderson,F,50,Pacific Islander,Fiji,Creative Technologist,Master,1,"Coding, Graphic design, Data Visualisation, Accounting, Data analysis, Decision Making, Adaptability, Dependability, Flexibility, Communication, Researching",3,TRUE,Manchester,17/07/2023,14/08/2023,Charlie
279,Avery Taylor,F,42,East Asian,South Korea,Accountant,Bachelor,1,"Accounting, Decision Making, Adaptability, Dependability, Flexibility, Communication, Researching",1,TRUE,Manchester,15/11/2023,12/12/2023,Charlie
280,Jordan Brown,F,38,Southeast Asian,Thailand,Data Analyst,Bachelor,0,"Accounting, Data analysis, Decision Making, Adaptability, Dependability, Flexibility, Communication, Researching",1,TRUE,Bristol,24/04/2023,24/05/2023,Bravo
281,Casey Jackson,M,35,South Asian,UK,Associate,Bachelor,2,"Decision Making, Adaptability, Dependability, Flexibility, Communication, Digital Literacy",2,TRUE,Bristol,15/11/2023,26/11/2023,Charlie
282,Casey Smith,M,32,Mixed,UK,Accountant,Bachelor,1,"Accounting, Decision Making, Adaptability, Dependability, Flexibility, Communication, Researching",2,TRUE,Glasgow,19/12/2023,17/01/2024,Bravo
283,Avery White,M,45,Native American,USA,Research Analyst,Master,0,"Creative problem solving, Critical thinking, Decision Making, Adaptability, Dependability, Flexibility, Communication, Digital Literacy",2,TRUE,London,27/06/2023,22/08/2023,Echo
284,Avery Anderson,M,56,Middle Eastern,Iran,Data Scientist,Master,1,"Data analysis, Decision Making, Adaptability, Dependability, Flexibility, Communication, Digital Literacy",2,TRUE,Birmingham,01/01/2023,30/03/2023,Echo
285,Morgan Taylor,M,47,Middle Eastern,UK,Creative Technologist,Master,2,"Coding, Graphic design, Data Visualisation, Accounting, Data analysis, Decision Making, Adaptability, Dependability, Flexibility, Communication, Researching",5,TRUE,Bristol,16/06/2023,16/07/2023,Delta
286,Jordan Taylor,F,43,Pacific Islander,Fiji,Data Scientist,Master,2,"Data analysis, Decision Making, Adaptability, Dependability, Flexibility, Communication, Digital Literacy",2,TRUE,Bristol,24/10/2023,10/11/2023,Charlie
287,Quinn Anderson,F,41,White,UK,Data Analyst,Bachelor,1,"Data analysis, Decision Making, Adaptability, Dependability, Flexibility, Communication, Digital Literacy",2,TRUE,Manchester,15/07/2023,18/07/2023,Bravo
288,Riley White,F,27,White,Germany,Data Analyst,Bachelor,0,"Data analysis, Decision Making, Adaptability, Dependability, Flexibility, Communication, Digital Literacy",1,FALSE,Manchester,15/11/2023,07/12/2023,Alpha
289,Taylor Smith,M,30,Native American,UK,Data Analyst,High School,4,"Decision Making, Adaptability, Dependability, Time management, Information processing, Communication, Researching",3,TRUE,Bristol,24/07/2023,30/09/2023,Echo
290,Avery Jackson,M,45,Pacific Islander,Fiji,Data Analyst,Bachelor,0,"Accounting, Data analysis, Decision Making, Adaptability, Dependability, Flexibility, Communication, Researching",1,TRUE,London,18/09/2023,30/09/2023,Alpha
291,Jordan Jackson,F,26,Mixed,Brazil,Data Analyst,Bachelor,1,"Accounting, Data analysis, Decision Making, Adaptability, Dependability, Flexibility, Communication, Researching",2,TRUE,London,03/04/2023,14/06/2023,Echo
292,Alex Thomas,F,42,Middle Eastern,UK,Accountant,Master,0,"Troubleshooting, Accounting, Decision Making, Adaptability, Dependability, Flexibility, Communication, Researching",3,TRUE,Birmingham,06/09/2023,08/09/2023,Delta
293,Morgan Harris,F,42,Central Asian,UK,Data Scientist,Master,0,"Data analysis, Decision Making, Adaptability, Dependability, Flexibility, Communication, Digital Literacy",2,TRUE,London,04/10/2023,05/10/2023,Charlie
294,Taylor Taylor,F,60,Black or African American,Nigeria,Data Analyst,Bachelor,4,"Data analysis, Decision Making, Adaptability, Dependability, Time management, Information processing, Communication, Digital Literacy",3,TRUE,London,13/09/2023,28/09/2023,Bravo
295,Morgan Taylor,M,35,Other,Unknown,Data Analyst,Bachelor,0,"Accounting, Data analysis, Decision Making, Adaptability, Dependability, Flexibility, Communication, Researching",1,TRUE,Birmingham,23/02/2023,08/03/2023,Bravo
296,Riley Johnson,F,49,White,Germany,Associate,Bachelor,0,"Decision Making, Adaptability, Dependability, Flexibility, Communication, Digital Literacy",0,FALSE,Manchester,19/07/2023,10/08/2023,Bravo
297,Alex Johnson,F,37,Central Asian,Kazakhstan,Associate,Bachelor,2,"Decision Making, Adaptability, Dependability, Flexibility, Communication, Digital Literacy",1,TRUE,London,21/02/2023,10/03/2023,Alpha
298,Alex Johnson,M,46,Central Asian,Kazakhstan,Data Analyst,Bachelor,1,"Accounting, Data analysis, Decision Making, Adaptability, Dependability, Flexibility, Communication, Researching",2,TRUE,Manchester,14/06/2023,30/06/2023,Alpha
299,Casey White,M,52,White,Germany,Data Analyst,Bachelor,3,"Decision Making, Adaptability, Dependability, Time management, Information processing, Communication, Digital Literacy",2,TRUE,Bristol,02/01/2023,01/02/2023,Bravo
300,Jamie Taylor,F,23,Hispanic or Latino,Mexico,Associate,Bachelor,2,"Decision Making, Adaptability, Dependability, Flexibility, Communication, Digital Literacy",1,TRUE,London,10/01/2023,14/01/2023,Charlie
301,Avery Anderson,F,47,White,UK,Data Analyst,Bachelor,1,"Data analysis, Decision Making, Adaptability, Dependability, Flexibility, Communication, Digital Literacy",2,TRUE,London,10/07/2023,28/07/2023,Delta
302,Alex Anderson,F,37,Native American,USA,Accountant,Master,0,"Troubleshooting, Accounting, Decision Making, Adaptability, Dependability, Flexibility, Communication, Researching",2,TRUE,Birmingham,29/01/2023,01/02/2023,Bravo
303,Riley Harris,M,54,Black or African American,Nigeria,Accountant,Master,0,"Troubleshooting, Accounting, Decision Making, Adaptability, Dependability, Flexibility, Communication, Researching",2,TRUE,Birmingham,17/06/2023,19/06/2023,Bravo
304,Skyler Martin,F,27,Hispanic or Latino,Mexico,Creative Technologist,Master,4,"Coding, Graphic design, Data Visualisation, Accounting, Data analysis, Decision Making, Adaptability, Dependability, Time management, Information processing, Communication, Researching",5,TRUE,Bristol,20/05/2023,07/07/2023,Echo
305,Jamie Anderson,F,47,Hispanic or Latino,Mexico,Research Analyst,High School,2,"Decision Making, Adaptability, Dependability, Flexibility, Communication, Researching",1,FALSE,Glasgow,26/09/2023,07/10/2023,Charlie
306,Skyler Martin,F,0,Central Asian,Kazakhstan,Data Analyst,Bachelor,9,"Leadership, Project management, Accounting, Decision Making, Adaptability, Dependability, Time management, Mentoring, Information processing, Stakeholder engagement, Researching",6,TRUE,Bristol,19/02/2023,28/02/2023,Charlie
307,Quinn Thomas,F,43,Native American,UK,Data Scientist,Master,0,"Data analysis, Decision Making, Adaptability, Dependability, Flexibility, Communication, Digital Literacy",2,TRUE,London,26/03/2023,24/04/2023,Delta
308,Riley Thomas,M,30,Black or African American,Nigeria,Accountant,Master,0,"Troubleshooting, Accounting, Decision Making, Adaptability, Dependability, Flexibility, Communication, Researching",2,TRUE,Bristol,22/10/2023,18/11/2023,Alpha
309,Taylor Harris,F,30,Southeast Asian,Thailand,Accountant,Bachelor,2,"Accounting, Decision Making, Adaptability, Dependability, Flexibility, Communication, Researching",2,TRUE,Bristol,24/08/2023,31/08/2023,Charlie
310,Riley White,F,46,Pacific Islander,Fiji,Data Scientist,Master,1,"Data analysis, Decision Making, Adaptability, Dependability, Flexibility, Communication, Digital Literacy",2,TRUE,Glasgow,20/12/2023,08/01/2024,Bravo
311,Jamie Anderson,F,38,Native American,UK,Data Analyst,Bachelor,4,"Decision Making, Adaptability, Dependability, Time management, Information processing, Communication, Digital Literacy",4,TRUE,Bristol,04/07/2023,29/07/2023,Charlie
312,Skyler Johnson,M,40,Middle Eastern,Iran,Research Analyst,Master,0,"Creative problem solving, Critical thinking, Decision Making, Adaptability, Dependability, Flexibility, Communication, Digital Literacy",2,TRUE,London,26/11/2023,08/12/2023,Delta
313,Avery Brown,F,51,Asian,UK,Accountant,Bachelor,2,"Accounting, Decision Making, Adaptability, Dependability, Flexibility, Communication, Researching",3,TRUE,London,05/06/2023,10/06/2023,Delta
314,Casey White,M,30,Native American,USA,Accountant,Master,1,"Troubleshooting, Accounting, Decision Making, Adaptability, Dependability, Flexibility, Communication, Researching",2,TRUE,Manchester,01/04/2023,28/05/2023,Echo
315,Skyler Anderson,M,44,Native American,USA,Data Scientist,Master,4,"Data analysis, Decision Making, Adaptability, Dependability, Time management, Information processing, Communication, Digital Literacy",3,TRUE,London,10/05/2023,06/06/2023,Delta
316,Avery White,M,42,East Asian,South Korea,Data Analyst,Bachelor,12,"Leadership, Project management, Accounting, Data analysis, Decision Making, Adaptability, Dependability, Time management, Mentoring, Information processing, Stakeholder engagement, Researching",8,TRUE,Bristol,26/05/2023,07/06/2023,Charlie
317,Taylor Anderson,M,28,Southeast Asian,UK,Data Analyst,Bachelor,2,"Data analysis, Decision Making, Adaptability, Dependability, Flexibility, Communication, Digital Literacy",3,TRUE,London,16/06/2023,01/08/2023,Echo
318,Riley Johnson,M,29,Other,Unknown,Data Analyst,Bachelor,3,"Accounting, Decision Making, Adaptability, Dependability, Time management, Information processing, Communication, Researching",2,TRUE,Birmingham,14/08/2023,20/08/2023,Delta
319,Alex White,M,36,White,Germany,Data Analyst,Bachelor,3,"Data analysis, Decision Making, Adaptability, Dependability, Time management, Information processing, Communication, Digital Literacy",2,TRUE,Birmingham,09/12/2023,07/03/2024,Echo
320,Jordan Jackson,M,36,Black or African American,UK,Data Analyst,Bachelor,1,"Data analysis, Decision Making, Adaptability, Dependability, Flexibility, Communication, Digital Literacy",2,TRUE,London,25/02/2023,13/03/2023,Alpha
321,Taylor Johnson,M,39,South Asian,India,Data Analyst,Bachelor,2,"Accounting, Data analysis, Decision Making, Adaptability, Dependability, Flexibility, Communication, Researching",2,TRUE,London,06/05/2023,01/06/2023,Delta
322,Skyler Johnson,F,37,Asian,China,Accountant,Bachelor,0,"Accounting, Decision Making, Adaptability, Dependability, Flexibility, Communication, Researching",1,FALSE,Bristol,08/04/2023,28/04/2023,Charlie
323,Casey Jackson,M,35,East Asian,South Korea,Data Analyst,Bachelor,1,"Accounting, Data analysis, Decision Making, Adaptability, Dependability, Flexibility, Communication, Researching",2,TRUE,London,26/04/2023,06/05/2023,Delta
324,Riley White,F,31,Mixed,Brazil,Data Analyst,Bachelor,4,"Data analysis, Decision Making, Adaptability, Dependability, Time management, Information processing, Communication, Digital Literacy",3,TRUE,Bristol,13/02/2023,22/02/2023,Bravo
325,Quinn Thomas,F,43,Hispanic or Latino,UK,Creative Technologist,Master,1,"Coding, Graphic design, Data Visualisation, Accounting, Data analysis, Decision Making, Adaptability, Dependability, Flexibility, Communication, Researching",4,TRUE,Bristol,26/10/2023,04/11/2023,Bravo
326,Quinn Anderson,M,22,Hispanic or Latino,Mexico,Associate,Bachelor,0,"Decision Making, Adaptability, Dependability, Flexibility, Communication, Digital Literacy",0,FALSE,Bristol,27/07/2023,16/08/2023,Charlie
327,Quinn Brown,M,32,Central Asian,UK,Creative Technologist,Master,2,"Coding, Graphic design, Data Visualisation, Accounting, Data analysis, Decision Making, Adaptability, Dependability, Flexibility, Communication, Researching",5,TRUE,Bristol,06/04/2023,09/04/2023,Charlie
328,Jordan Thomas,F,47,Southeast Asian,Thailand,Data Scientist,Master,1,"Data analysis, Decision Making, Adaptability, Dependability, Flexibility, Communication, Digital Literacy",2,TRUE,Birmingham,12/05/2023,24/05/2023,Alpha
329,Jordan White,M,55,Central Asian,Kazakhstan,Data Scientist,Master,3,"Data analysis, Decision Making, Adaptability, Dependability, Time management, Information processing, Communication, Digital Literacy",3,TRUE,Bristol,09/08/2023,11/08/2023,Charlie
330,Jordan Smith,F,30,Native American,USA,Data Analyst,Bachelor,1,"Accounting, Data analysis, Decision Making, Adaptability, Dependability, Flexibility, Communication, Researching",2,TRUE,London,28/05/2023,23/08/2023,Echo
331,Skyler Thomas,M,40,Other,Unknown,Accountant,Bachelor,1,"Accounting, Decision Making, Adaptability, Dependability, Flexibility, Communication, Researching",1,TRUE,London,28/07/2023,27/09/2023,Echo
332,Jordan Brown,M,32,Pacific Islander,UK,Data Analyst,Bachelor,5,"Leadership, Decision Making, Adaptability, Dependability, Time management, Information processing, Communication, Digital Literacy",4,TRUE,London,09/07/2023,01/09/2023,Echo
333,Alex Taylor,F,30,Mixed,UK,Accountant,Bachelor,2,"Accounting, Decision Making, Adaptability, Dependability, Flexibility, Communication, Researching",3,TRUE,Bristol,04/06/2023,24/07/2023,Echo
334,Quinn White,M,29,East Asian,South Korea,Research Analyst,High School,1,"Decision Making, Adaptability, Dependability, Flexibility, Communication, Researching",0,FALSE,Glasgow,14/10/2023,25/10/2023,Charlie
335,Morgan Smith,M,34,Southeast Asian,Thailand,Research Analyst,High School,0,"Decision Making, Adaptability, Dependability, Flexibility, Communication, Researching",0,FALSE,London,05/03/2023,30/03/2023,Delta
336,Jordan Johnson,M,34,South Asian,UK,Data Analyst,Bachelor,8,"Leadership, Accounting, Data analysis, Decision Making, Adaptability, Dependability, Time management, Mentoring, Information processing, Stakeholder engagement, Researching",7,TRUE,Manchester,10/10/2023,05/11/2023,Alpha
337,Taylor Taylor,M,40,Middle Eastern,Iran,Data Analyst,Bachelor,3,"Accounting, Data analysis, Decision Making, Adaptability, Dependability, Time management, Information processing, Communication, Researching",3,TRUE,Glasgow,25/05/2023,18/07/2023,Echo
338,Avery Brown,M,39,Southeast Asian,UK,Accountant,Bachelor,2,"Accounting, Decision Making, Adaptability, Dependability, Flexibility, Communication, Researching",3,TRUE,Bristol,19/02/2023,30/04/2023,Echo
339,Riley Anderson,M,37,White,Germany,Data Analyst,Bachelor,1,"Accounting, Data analysis, Decision Making, Adaptability, Dependability, Flexibility, Communication, Researching",2,TRUE,London,04/04/2023,25/04/2023,Charlie
340,Casey Taylor,F,18,Asian,China,Data Analyst,Bachelor,0,"Accounting, Data analysis, Decision Making, Adaptability, Dependability, Flexibility, Communication, Researching",1,TRUE,Birmingham,25/04/2023,05/05/2023,Delta
341,Alex Johnson,M,36,South Asian,India,Data Analyst,Bachelor,3,"Data analysis, Decision Making, Adaptability, Dependability, Time management, Information processing, Communication, Digital Literacy",2,TRUE,Manchester,01/04/2023,27/04/2023,Charlie
342,Morgan Taylor,F,52,Middle Eastern,Iran,Data Scientist,Master,3,"Data analysis, Decision Making, Adaptability, Dependability, Time management, Information processing, Communication, Digital Literacy",3,TRUE,Glasgow,27/12/2023,12/01/2024,Bravo
343,Alex White,M,28,Middle Eastern,UK,Data Analyst,Bachelor,0,"Data analysis, Decision Making, Adaptability, Dependability, Flexibility, Communication, Digital Literacy",2,TRUE,London,05/09/2023,05/10/2023,Alpha
344,Morgan Brown,F,32,Black or African American,Nigeria,Associate,Bachelor,0,"Decision Making, Adaptability, Dependability, Flexibility, Communication, Digital Literacy",0,FALSE,Bristol,03/05/2023,05/05/2023,Alpha
345,Morgan Harris,M,56,White,Germany,Accountant,Bachelor,1,"Accounting, Decision Making, Adaptability, Dependability, Flexibility, Communication, Researching",1,TRUE,London,12/06/2023,12/07/2023,Delta
346,Jordan White,F,37,Central Asian,Kazakhstan,Data Scientist,Master,3,"Data analysis, Decision Making, Adaptability, Dependability, Time management, Information processing, Communication, Digital Literacy",3,TRUE,Manchester,16/04/2023,10/07/2023,Echo
347,Jamie Harris,F,42,Mixed,Brazil,Data Analyst,Bachelor,7,"Leadership, Decision Making, Adaptability, Dependability, Time management, Mentoring, Information processing, Communication, Digital Literacy",4,TRUE,Manchester,06/11/2023,15/11/2023,Delta
348,Avery Smith,F,35,Hispanic or Latino,UK,Associate,Bachelor,2,"Decision Making, Adaptability, Dependability, Flexibility, Communication, Digital Literacy",2,TRUE,Bristol,30/01/2023,02/02/2023,Bravo
349,Morgan Anderson,F,55,Hispanic or Latino,UK,Data Analyst,Bachelor,0,"Data analysis, Decision Making, Adaptability, Dependability, Flexibility, Communication, Digital Literacy",2,TRUE,London,18/01/2023,21/03/2023,Echo
350,Taylor Smith,M,37,Central Asian,Kazakhstan,Accountant,Bachelor,1,"Accounting, Decision Making, Adaptability, Dependability, Flexibility, Communication, Researching",1,TRUE,Bristol,31/07/2023,23/10/2023,Echo
351,Skyler Anderson,F,43,Middle Eastern,Iran,Accountant,Bachelor,0,"Accounting, Decision Making, Adaptability, Dependability, Flexibility, Communication, Researching",1,FALSE,Bristol,07/03/2023,29/03/2023,Bravo
352,Riley Taylor,M,22,Southeast Asian,Thailand,Associate,Bachelor,0,"Decision Making, Adaptability, Dependability, Flexibility, Communication, Digital Literacy",0,FALSE,London,18/07/2023,11/08/2023,Alpha
353,Taylor Brown,F,65,Hispanic or Latino,Mexico,Data Scientist,Master,5,"Leadership, Data analysis, Decision Making, Adaptability, Dependability, Time management, Information processing, Communication, Digital Literacy",4,TRUE,Bristol,25/12/2023,29/12/2023,Alpha
354,Morgan Johnson,M,46,Other,Unknown,Data Scientist,Master,4,"Data analysis, Decision Making, Adaptability, Dependability, Time management, Information processing, Communication, Digital Literacy",3,TRUE,Manchester,20/10/2023,28/10/2023,Bravo
355,Casey Thomas,M,39,Asian,UK,Data Analyst,Bachelor,1,"Accounting, Data analysis, Decision Making, Adaptability, Dependability, Flexibility, Communication, Researching",3,TRUE,London,16/03/2023,28/03/2023,Delta
356,Avery Taylor,M,34,White,Germany,Data Analyst,Bachelor,0,"Accounting, Data analysis, Decision Making, Adaptability, Dependability, Flexibility, Communication, Researching",1,TRUE,Bristol,29/12/2023,14/01/2024,Bravo
357,Jordan Smith,F,43,Black or African American,Nigeria,Data Analyst,Bachelor,6,"Leadership, Accounting, Decision Making, Adaptability, Dependability, Time management, Mentoring, Information processing, Communication, Researching",4,TRUE,Glasgow,21/04/2023,09/05/2023,Charlie
358,Taylor Jackson,F,35,Native American,USA,Data Analyst,Bachelor,11,"Leadership, Project management, Accounting, Decision Making, Adaptability, Dependability, Time management, Mentoring, Information processing, Stakeholder engagement, Researching",7,TRUE,London,14/09/2023,28/09/2023,Delta
359,Alex Martin,F,35,Asian,China,Data Scientist,Master,4,"Creative problem solving, Critical thinking, Decision Making, Adaptability, Dependability, Time management, Information processing, Communication, Digital Literacy",4,TRUE,Bristol,05/05/2023,25/05/2023,Delta
360,Morgan White,F,18,Black or African American,Nigeria,Accountant,Master,0,"Troubleshooting, Accounting, Decision Making, Adaptability, Dependability, Flexibility, Communication, Researching",2,TRUE,Manchester,09/04/2023,17/04/2023,Charlie
361,Skyler Smith,M,39,White,Germany,Data Analyst,Bachelor,3,"Data analysis, Decision Making, Adaptability, Dependability, Time management, Information processing, Communication, Digital Literacy",2,TRUE,Bristol,17/01/2023,26/01/2023,Delta
362,Casey Jackson,M,34,Other,Unknown,Data Analyst,Bachelor,6,"Leadership, Data analysis, Decision Making, Adaptability, Dependability, Time management, Mentoring, Information processing, Communication, Digital Literacy",4,TRUE,Manchester,15/03/2023,03/04/2023,Delta
363,Jamie Taylor,M,30,Central Asian,Kazakhstan,Associate,Bachelor,0,"Decision Making, Adaptability, Dependability, Flexibility, Communication, Digital Literacy",0,FALSE,London,13/11/2023,25/11/2023,Bravo
364,Jordan Harris,M,41,Central Asian,Kazakhstan,Associate,Bachelor,1,"Decision Making, Adaptability, Dependability, Flexibility, Communication, Digital Literacy",1,FALSE,London,03/04/2023,03/05/2023,Alpha
365,Jordan Martin,M,39,Southeast Asian,UK,Data Analyst,Bachelor,0,"Accounting, Data analysis, Decision Making, Adaptability, Dependability, Flexibility, Communication, Researching",2,TRUE,Bristol,20/08/2023,28/08/2023,Bravo
366,Morgan Harris,F,28,Mixed,UK,Creative Technologist,Master,1,"Coding, Graphic design, Data Visualisation, Accounting, Data analysis, Decision Making, Adaptability, Dependability, Flexibility, Communication, Researching",4,TRUE,Bristol,05/08/2023,04/09/2023,Bravo
367,Skyler Brown,F,41,East Asian,South Korea,Data Analyst,Bachelor,2,"Accounting, Data analysis, Decision Making, Adaptability, Dependability, Flexibility, Communication, Researching",2,TRUE,Manchester,13/01/2023,10/02/2023,Charlie
368,Avery Johnson,F,45,Mixed,Brazil,Associate,Bachelor,1,"Decision Making, Adaptability, Dependability, Flexibility, Communication, Digital Literacy",1,FALSE,London,24/10/2023,18/11/2023,Bravo
369,Alex Taylor,F,39,Black or African American,Nigeria,Data Analyst,Bachelor,1,"Data analysis, Decision Making, Adaptability, Dependability, Flexibility, Communication, Digital Literacy",1,TRUE,Manchester,19/11/2023,20/11/2023,Charlie
370,Taylor White,M,40,Native American,USA,Data Analyst,Bachelor,1,"Data analysis, Decision Making, Adaptability, Dependability, Flexibility, Communication, Digital Literacy",1,TRUE,London,09/07/2023,07/08/2023,Alpha
371,Taylor Taylor,M,32,East Asian,South Korea,Accountant,Master,0,"Troubleshooting, Accounting, Decision Making, Adaptability, Dependability, Flexibility, Communication, Researching",2,TRUE,Manchester,24/12/2023,15/01/2024,Bravo
372,Avery Johnson,M,22,Hispanic or Latino,Mexico,Data Analyst,Bachelor,1,"Leadership, Accounting, Data analysis, Decision Making, Adaptability, Dependability, Time management, Information processing, Communication, Researching",2,TRUE,London,09/07/2023,04/08/2023,Bravo
373,Riley Harris,F,47,Middle Eastern,Iran,Data Analyst,Bachelor,3,"Data analysis, Decision Making, Adaptability, Dependability, Time management, Information processing, Communication, Digital Literacy",2,TRUE,London,09/10/2023,11/10/2023,Bravo
374,Avery Brown,F,30,Native American,UK,Data Analyst,Bachelor,2,"Accounting, Data analysis, Decision Making, Adaptability, Dependability, Flexibility, Communication, Researching",3,TRUE,Manchester,13/09/2023,22/09/2023,Charlie
375,Morgan Johnson,M,49,Asian,China,Accountant,Bachelor,2,"Accounting, Decision Making, Adaptability, Dependability, Flexibility, Communication, Researching",2,TRUE,Bristol,16/05/2023,07/06/2023,Delta
376,Skyler Taylor,F,50,Pacific Islander,UK,Data Analyst,Bachelor,2,"Accounting, Data analysis, Decision Making, Adaptability, Dependability, Flexibility, Communication, Researching",3,TRUE,Glasgow,16/12/2023,22/12/2023,Bravo
377,Riley Smith,F,47,East Asian,South Korea,Research Analyst,High School,1,"Decision Making, Adaptability, Dependability, Flexibility, Communication, Researching",0,FALSE,London,17/04/2023,21/06/2023,Echo
378,Casey Martin,M,41,Central Asian,Kazakhstan,Accountant,Master,2,"Troubleshooting, Accounting, Decision Making, Adaptability, Dependability, Flexibility, Communication, Researching",2,TRUE,Manchester,21/02/2023,22/02/2023,Charlie
379,Riley Martin,M,53,Other,Unknown,Data Analyst,Bachelor,3,"Accounting, Data analysis, Decision Making, Adaptability, Dependability, Time management, Information processing, Communication, Researching",3,TRUE,Glasgow,14/01/2023,01/02/2023,Charlie
380,Morgan Jackson,F,31,White,Germany,Data Analyst,Bachelor,1,"Data analysis, Decision Making, Adaptability, Dependability, Flexibility, Communication, Digital Literacy",1,TRUE,London,22/12/2023,08/01/2024,Delta
381,Quinn Johnson,F,23,Native American,USA,Data Analyst,Bachelor,3,"Data analysis, Decision Making, Adaptability, Dependability, Time management, Information processing, Communication, Digital Literacy",2,TRUE,Glasgow,01/02/2023,02/03/2023,Delta
382,Skyler Brown,M,39,Hispanic or Latino,Mexico,Associate,Bachelor,2,"Decision Making, Adaptability, Dependability, Flexibility, Communication, Digital Literacy",1,TRUE,Birmingham,16/01/2023,08/03/2023,Echo
383,Jordan Smith,M,31,East Asian,South Korea,Data Analyst,Bachelor,3,"Data analysis, Decision Making, Adaptability, Dependability, Time management, Information processing, Communication, Digital Literacy",2,TRUE,Birmingham,28/03/2023,16/04/2023,Charlie
384,Jordan Martin,F,29,Black or African American,Nigeria,Accountant,Master,2,"Troubleshooting, Accounting, Decision Making, Adaptability, Dependability, Flexibility, Communication, Researching",2,TRUE,Glasgow,21/03/2023,18/04/2023,Bravo
385,Avery Anderson,M,25,Hispanic or Latino,UK,Data Analyst,Bachelor,3,"Accounting, Data analysis, Decision Making, Adaptability, Dependability, Time management, Information processing, Communication, Researching",4,TRUE,Glasgow,10/08/2023,31/08/2023,Alpha
386,Casey Jackson,M,53,Middle Eastern,Iran,Research Analyst,Master,0,"Creative problem solving, Critical thinking, Decision Making, Adaptability, Dependability, Flexibility, Communication, Digital Literacy",2,TRUE,Manchester,06/09/2023,16/09/2023,Delta
387,Skyler Brown,F,42,Pacific Islander,Fiji,Data Analyst,Bachelor,5,"Leadership, Accounting, Data analysis, Decision Making, Adaptability, Dependability, Time management, Information processing, Communication, Researching",4,TRUE,London,03/05/2023,01/06/2023,Bravo
388,Casey Harris,M,38,Native American,UK,Data Analyst,Bachelor,5,"Leadership, Decision Making, Adaptability, Dependability, Time management, Information processing, Communication, Digital Literacy",4,TRUE,Glasgow,23/08/2023,04/09/2023,Charlie
389,Casey Anderson,F,50,Southeast Asian,Thailand,Creative Technologist,PhD,0,"Coding, Graphic design, Data Visualisation, Accounting, Data analysis, Decision Making, Adaptability, Dependability, Flexibility, Communication, Researching",3,TRUE,London,30/08/2023,20/10/2023,Echo
390,Jordan Jackson,F,54,Central Asian,UK,Data Analyst,Bachelor,7,"Leadership, Accounting, Data analysis, Decision Making, Adaptability, Dependability, Time management, Mentoring, Information processing, Communication, Researching",6,TRUE,Glasgow,14/04/2023,20/04/2023,Delta
391,Alex Brown,M,28,East Asian,UK,Data Analyst,Bachelor,3,"Decision Making, Adaptability, Dependability, Time management, Information processing, Communication, Digital Literacy",3,TRUE,Manchester,21/06/2023,08/07/2023,Bravo
392,Avery Taylor,F,56,Middle Eastern,UK,Research Analyst,Master,2,"Creative problem solving, Critical thinking, Decision Making, Adaptability, Dependability, Flexibility, Communication, Digital Literacy",4,TRUE,Glasgow,01/08/2023,12/10/2023,Echo
393,Jamie Jackson,F,25,South Asian,UK,Data Scientist,Master,1,"Data analysis, Decision Making, Adaptability, Dependability, Flexibility, Communication, Digital Literacy",3,TRUE,Bristol,02/06/2023,27/06/2023,Alpha
394,Alex Taylor,M,60,Black or African American,Nigeria,Data Analyst,Bachelor,6,"Leadership, Decision Making, Adaptability, Dependability, Time management, Mentoring, Information processing, Communication, Digital Literacy",4,TRUE,Manchester,13/08/2023,17/08/2023,Alpha
395,Casey Brown,M,37,Southeast Asian,Thailand,Data Analyst,Bachelor,0,"Accounting, Data analysis, Decision Making, Adaptability, Dependability, Flexibility, Communication, Researching",1,TRUE,Bristol,03/05/2023,04/07/2023,Echo
396,Avery Jackson,F,46,White,Germany,Data Analyst,Bachelor,5,"Leadership, Decision Making, Adaptability, Dependability, Time management, Information processing, Communication, Digital Literacy",3,TRUE,Manchester,25/11/2023,02/12/2023,Delta
397,Jordan Jackson,F,49,East Asian,South Korea,Data Analyst,Bachelor,0,"Data analysis, Decision Making, Adaptability, Dependability, Flexibility, Communication, Digital Literacy",1,FALSE,Glasgow,16/07/2023,10/08/2023,Delta
398,Quinn Harris,M,47,Middle Eastern,Iran,Creative Technologist,PhD,1,"Coding, Graphic design, Data Visualisation, Accounting, Data analysis, Decision Making, Adaptability, Dependability, Flexibility, Communication, Researching",4,TRUE,Manchester,18/05/2023,24/05/2023,Delta
399,Taylor Martin,F,49,Middle Eastern,Iran,Data Analyst,Bachelor,5,"Leadership, Decision Making, Adaptability, Dependability, Time management, Information processing, Communication, Digital Literacy",3,TRUE,London,23/12/2023,20/01/2024,Charlie
400,Jordan White,F,40,Middle Eastern,Iran,Data Analyst,Bachelor,2,"Accounting, Data analysis, Decision Making, Adaptability, Dependability, Flexibility, Communication, Researching",2,TRUE,Bristol,29/03/2023,12/04/2023,Bravo
401,Jordan Smith,M,32,Native American,USA,Data Scientist,Master,0,"Data analysis, Decision Making, Adaptability, Dependability, Flexibility, Communication, Digital Literacy",1,TRUE,London,23/11/2023,05/02/2024,Echo
402,Quinn White,F,21,Pacific Islander,Fiji,Data Analyst,Bachelor,3,"Decision Making, Adaptability, Dependability, Time management, Information processing, Communication, Digital Literacy",2,TRUE,Bristol,22/05/2023,10/06/2023,A
403,Jamie Johnson,F,36,Pacific Islander,Fiji,Accountant,Bachelor,1,"Accounting, Decision Making, Adaptability, Dependability, Flexibility, Communication, Researching",1,TRUE,Bristol,25/11/2023,30/11/2023,Bravo
404,Avery Smith,M,40,Southeast Asian,UK,Associate,Bachelor,1,"Decision Making, Adaptability, Dependability, Flexibility, Communication, Digital Literacy",2,TRUE,London,06/09/2023,22/09/2023,Alpha
405,Casey Jackson,M,53,Southeast Asian,Thailand,Associate,Bachelor,1,"Decision Making, Adaptability, Dependability, Flexibility, Communication, Digital Literacy",1,FALSE,Bristol,05/12/2023,03/02/2024,Echo
406,Skyler Brown,F,43,East Asian,South Korea,Associate,Bachelor,2,"Decision Making, Adaptability, Dependability, Flexibility, Communication, Digital Literacy",1,TRUE,London,11/03/2023,01/04/2023,Delta
407,Morgan Brown,F,48,Asian,China,Associate,Bachelor,1,"Decision Making, Adaptability, Dependability, Flexibility, Communication, Digital Literacy",1,FALSE,London,07/12/2023,28/01/2024,Echo
408,Casey Harris,F,35,Other,UK,Research Analyst,Master,1,"Creative problem solving, Critical thinking, Decision Making, Adaptability, Dependability, Flexibility, Communication, Digital Literacy",3,TRUE,Manchester,29/08/2023,01/09/2023,Bravo
409,Morgan Smith,F,18,White,Germany,Research Analyst,Master,0,"Creative problem solving, Critical thinking, Decision Making, Adaptability, Dependability, Flexibility, Communication, Digital Literacy",2,TRUE,London,30/11/2023,03/12/2023,Bravo
410,Alex Jackson,F,41,Black or African American,Nigeria,Data Analyst,High School,3,"Decision Making, Adaptability, Dependability, Time management, Information processing, Communication, Researching",2,TRUE,London,14/05/2023,18/07/2023,Echo
411,Morgan Brown,M,28,Other,Unknown,Accountant,Master,1,"Troubleshooting, Accounting, Decision Making, Adaptability, Dependability, Flexibility, Communication, Researching",2,TRUE,Bristol,14/02/2023,28/02/2023,Charlie
412,Skyler Smith,F,33,White,UK,Data Scientist,Master,4,"Creative problem solving, Critical thinking, Decision Making, Adaptability, Dependability, Time management, Information processing, Communication, Digital Literacy",5,TRUE,Manchester,21/04/2023,13/05/2023,Bravo
413,Jordan Brown,M,35,Black or African American,Nigeria,Data Analyst,Bachelor,3,"Accounting, Decision Making, Adaptability, Dependability, Time management, Information processing, Communication, Researching",2,TRUE,London,01/12/2023,15/12/2023,Alpha
414,Avery White,F,50,Pacific Islander,Fiji,Data Scientist,Master,6,"Leadership, Data analysis, Decision Making, Adaptability, Dependability, Time management, Mentoring, Information processing, Communication, Digital Literacy",5,TRUE,London,10/07/2023,06/10/2023,Echo
415,Casey Thomas,M,36,Black or African American,Nigeria,Accountant,Master,1,"Troubleshooting, Accounting, Decision Making, Adaptability, Dependability, Flexibility, Communication, Researching",2,TRUE,Glasgow,28/04/2023,11/05/2023,Bravo
416,Jamie Johnson,F,65,Black or African American,UK,Creative Technologist,Master,1,"Coding, Graphic design, Data Visualisation, Accounting, Data analysis, Decision Making, Adaptability, Dependability, Flexibility, Communication, Researching",4,TRUE,Manchester,29/09/2023,15/10/2023,Alpha
417,Jordan Taylor,F,47,Pacific Islander,UK,Creative Technologist,PhD,0,"Coding, Graphic design, Data Visualisation, Accounting, Data analysis, Decision Making, Adaptability, Dependability, Flexibility, Communication, Researching",4,TRUE,Bristol,10/06/2023,17/06/2023,Bravo
418,Casey Smith,M,39,South Asian,UK,Associate,Bachelor,0,"Decision Making, Adaptability, Dependability, Flexibility, Communication, Digital Literacy",2,TRUE,Bristol,31/12/2023,29/01/2024,Alpha
419,Jamie Thomas,M,57,East Asian,South Korea,Data Analyst,Bachelor,4,"Accounting, Decision Making, Adaptability, Dependability, Time management, Information processing, Communication, Researching",3,TRUE,Manchester,05/12/2023,15/12/2023,Alpha
420,Skyler Thomas,F,42,Hispanic or Latino,Mexico,Accountant,PhD,2,"Troubleshooting, Accounting, Decision Making, Adaptability, Dependability, Flexibility, Communication, Researching",3,TRUE,Bristol,29/01/2023,06/02/2023,Alpha
421,Quinn Taylor,F,42,Middle Eastern,Iran,Research Analyst,Master,0,"Creative problem solving, Critical thinking, Decision Making, Adaptability, Dependability, Flexibility, Communication, Digital Literacy",2,TRUE,Bristol,28/10/2023,27/11/2023,Delta
422,Taylor Martin,F,49,Central Asian,UK,Accountant,Bachelor,2,"Accounting, Decision Making, Adaptability, Dependability, Flexibility, Communication, Researching",3,TRUE,Manchester,23/11/2023,27/11/2023,Alpha
423,Casey Anderson,F,43,White,UK,Data Analyst,Bachelor,3,"Decision Making, Adaptability, Dependability, Time management, Information processing, Communication, Digital Literacy",3,TRUE,London,30/10/2023,07/11/2023,Charlie
424,Alex White,F,39,White,UK,Data Analyst,Bachelor,0,"Data analysis, Decision Making, Adaptability, Dependability, Flexibility, Communication, Digital Literacy",2,TRUE,Manchester,17/03/2023,13/04/2023,Bravo
425,Riley Johnson,M,36,Black or African American,Nigeria,Data Analyst,Bachelor,1,"Accounting, Data analysis, Decision Making, Adaptability, Dependability, Flexibility, Communication, Researching",2,TRUE,Bristol,27/03/2023,24/05/2023,Echo
426,Quinn Taylor,F,18,Mixed,Brazil,Data Scientist,Master,0,"Data analysis, Decision Making, Adaptability, Dependability, Flexibility, Communication, Digital Literacy",1,TRUE,London,08/03/2023,05/04/2023,Alpha
427,Quinn White,F,46,White,Germany,Creative Technologist,Master,1,"Coding, Graphic design, Data Visualisation, Accounting, Data analysis, Decision Making, Adaptability, Dependability, Flexibility, Communication, Researching",3,TRUE,Manchester,11/03/2023,13/05/2023,Echo
428,Avery Anderson,F,39,Native American,USA,Accountant,Master,1,"Troubleshooting, Accounting, Decision Making, Adaptability, Dependability, Flexibility, Communication, Researching",2,TRUE,London,17/09/2023,14/10/2023,Charlie
429,Casey Taylor,F,36,Southeast Asian,Thailand,Data Analyst,Bachelor,1,"Data analysis, Decision Making, Adaptability, Dependability, Flexibility, Communication, Digital Literacy",1,TRUE,Birmingham,21/09/2023,28/11/2023,Echo
430,Jordan Anderson,M,28,Asian,China,Data Scientist,PhD,4,"Creative problem solving, Critical thinking, Decision Making, Adaptability, Dependability, Time management, Information processing, Communication, Digital Literacy",4,TRUE,Bristol,07/09/2023,30/09/2023,Alpha
431,Quinn Johnson,M,42,Other,Unknown,Data Analyst,Bachelor,2,"Accounting, Data analysis, Decision Making, Adaptability, Dependability, Flexibility, Communication, Researching",2,TRUE,Bristol,06/09/2023,07/11/2023,Echo
432,Riley Anderson,F,48,East Asian,UK,Accountant,Bachelor,0,"Accounting, Decision Making, Adaptability, Dependability, Flexibility, Communication, Researching",2,TRUE,Birmingham,31/08/2023,29/09/2023,Alpha
433,Jordan Brown,M,52,Southeast Asian,Thailand,Creative Technologist,Master,7,"Leadership, Coding, Graphic design, Data Visualisation, Accounting, Data analysis, Decision Making, Adaptability, Dependability, Time management, Mentoring, Information processing, Communication, Researching",7,TRUE,London,10/08/2023,02/09/2023,Delta
434,Skyler White,M,52,Black or African American,Nigeria,Data Scientist,Master,5,"Leadership, Creative problem solving, Critical thinking, Decision Making, Adaptability, Dependability, Time management, Information processing, Communication, Digital Literacy",4,TRUE,Birmingham,18/06/2023,02/09/2023,Echo
435,Skyler Martin,M,30,Black or African American,Nigeria,Data Analyst,Bachelor,0,"Data analysis, Decision Making, Adaptability, Dependability, Flexibility, Communication, Digital Literacy",1,FALSE,London,13/09/2023,19/09/2023,Bravo
436,Skyler Martin,M,36,Southeast Asian,Thailand,Research Analyst,High School,0,"Decision Making, Adaptability, Dependability, Flexibility, Communication, Researching",0,FALSE,Bristol,25/05/2023,26/05/2023,Bravo
437,Morgan Taylor,F,30,White,Germany,Creative Technologist,Master,1,"Coding, Graphic design, Data Visualisation, Accounting, Data analysis, Decision Making, Adaptability, Dependability, Flexibility, Communication, Researching",3,TRUE,Bristol,24/04/2023,12/05/2023,Delta
438,Skyler Johnson,M,42,Asian,China,Data Scientist,Master,3,"Creative problem solving, Critical thinking, Decision Making, Adaptability, Dependability, Time management, Information processing, Communication, Digital Literacy",3,TRUE,Birmingham,22/12/2023,27/02/2024,Echo
439,Skyler Brown,F,32,Other,Unknown,Associate,Bachelor,0,"Decision Making, Adaptability, Dependability, Flexibility, Communication, Digital Literacy",0,FALSE,London,28/11/2023,11/12/2023,Delta
440,Quinn Brown,M,31,Hispanic or Latino,Mexico,Data Analyst,Bachelor,4,"Data analysis, Decision Making, Adaptability, Dependability, Time management, Information processing, Communication, Digital Literacy",3,TRUE,Manchester,17/12/2023,21/12/2023,Charlie
441,Skyler Anderson,F,18,Asian,China,Research Analyst,High School,2,"Decision Making, Adaptability, Dependability, Flexibility, Communication, Researching",1,FALSE,Bristol,31/01/2023,23/02/2023,Delta
442,Riley Jackson,F,46,East Asian,UK,Creative Technologist,Master,1,"Coding, Graphic design, Data Visualisation, Accounting, Data analysis, Decision Making, Adaptability, Dependability, Flexibility, Communication, Researching",4,TRUE,London,16/01/2023,04/04/2023,Echo
443,Jordan Johnson,M,34,Mixed,UK,Associate,Bachelor,0,"Decision Making, Adaptability, Dependability, Flexibility, Communication, Digital Literacy",2,TRUE,Glasgow,04/07/2023,21/07/2023,Charlie
444,Alex Jackson,M,34,Black or African American,Nigeria,Data Analyst,Bachelor,2,"Accounting, Data analysis, Decision Making, Adaptability, Dependability, Flexibility, Communication, Researching",2,TRUE,Glasgow,25/11/2023,10/02/2024,Echo
445,Skyler Anderson,F,44,Black or African American,Nigeria,Data Analyst,High School,3,"Decision Making, Adaptability, Dependability, Time management, Information processing, Communication, Researching",2,TRUE,London,25/03/2023,02/04/2023,Delta
446,Casey Jackson,F,33,East Asian,South Korea,Creative Technologist,PhD,0,"Coding, Graphic design, Data Visualisation, Accounting, Data analysis, Decision Making, Adaptability, Dependability, Flexibility, Communication, Researching",3,TRUE,Bristol,16/06/2023,09/08/2023,Echo
447,Quinn Harris,M,27,Other,Unknown,Data Analyst,Bachelor,10,"Leadership, Project management, Accounting, Data analysis, Decision Making, Adaptability, Dependability, Time management, Mentoring, Information processing, Stakeholder engagement, Researching",7,TRUE,London,29/05/2023,22/07/2023,Echo
448,Morgan Johnson,F,58,Middle Eastern,Iran,Creative Technologist,Master,3,"Coding, Graphic design, Data Visualisation, Accounting, Data analysis, Decision Making, Adaptability, Dependability, Time management, Information processing, Communication, Researching",4,TRUE,London,20/09/2023,28/09/2023,Charlie
449,Casey Martin,F,22,South Asian,India,Data Analyst,Bachelor,3,"Data analysis, Decision Making, Adaptability, Dependability, Time management, Information processing, Communication, Digital Literacy",2,TRUE,London,23/12/2023,29/12/2023,Alpha
450,Skyler White,F,49,Asian,China,Creative Technologist,Master,9,"Leadership, Project management, Coding, Graphic design, Data Visualisation, Accounting, Data analysis, Decision Making, Adaptability, Dependability, Time management, Mentoring, Information processing, Stakeholder engagement, Researching",8,TRUE,Glasgow,18/12/2023,07/01/2024,Alpha
451,Riley Harris,F,43,Central Asian,Kazakhstan,Research Analyst,High School,0,"Decision Making, Adaptability, Dependability, Flexibility, Communication, Researching",0,FALSE,Manchester,31/01/2023,23/02/2023,Charlie
452,Taylor Martin,F,56,Mixed,Brazil,Accountant,Bachelor,1,"Accounting, Decision Making, Adaptability, Dependability, Flexibility, Communication, Researching",1,TRUE,Manchester,15/05/2023,13/06/2023,Alpha
453,Alex Anderson,F,42,Pacific Islander,UK,Data Analyst,Bachelor,1,"Data analysis, Decision Making, Adaptability, Dependability, Flexibility, Communication, Digital Literacy",2,TRUE,Bristol,05/01/2023,20/01/2023,Bravo
454,Riley Thomas,M,32,Hispanic or Latino,UK,Data Analyst,Bachelor,5,"Leadership, Accounting, Decision Making, Adaptability, Dependability, Time management, Information processing, Communication, Researching",5,TRUE,Glasgow,19/01/2023,28/01/2023,Delta
455,Casey Smith,M,35,Other,UK,Accountant,Bachelor,0,"Accounting, Decision Making, Adaptability, Dependability, Flexibility, Communication, Researching",2,TRUE,Birmingham,05/03/2023,13/03/2023,Charlie
456,Riley Martin,M,46,South Asian,UK,Data Analyst,Bachelor,2,"Accounting, Data analysis, Decision Making, Adaptability, Dependability, Flexibility, Communication, Researching",3,TRUE,Bristol,21/06/2023,18/07/2023,Alpha
457,Jamie Anderson,F,36,Hispanic or Latino,Mexico,Accountant,Master,0,"Troubleshooting, Accounting, Decision Making, Adaptability, Dependability, Flexibility, Communication, Researching",2,TRUE,London,06/03/2023,10/03/2023,Delta
458,Avery Jackson,M,31,Middle Eastern,Iran,Associate,Bachelor,0,"Decision Making, Adaptability, Dependability, Flexibility, Communication, Digital Literacy",0,FALSE,London,24/09/2023,23/12/2023,Echo
459,Jordan Jackson,F,42,Central Asian,Kazakhstan,Research Analyst,Master,1,"Creative problem solving, Critical thinking, Decision Making, Adaptability, Dependability, Flexibility, Communication, Digital Literacy",2,TRUE,London,05/09/2023,19/11/2023,Echo
460,Taylor Harris,M,37,Native American,USA,Accountant,Bachelor,0,"Accounting, Decision Making, Adaptability, Dependability, Flexibility, Communication, Researching",1,FALSE,Bristol,29/10/2023,15/11/2023,Charlie
461,Riley Thomas,M,59,East Asian,South Korea,Associate,Bachelor,1,"Decision Making, Adaptability, Dependability, Flexibility, Communication, Digital Literacy",1,FALSE,Glasgow,10/09/2023,29/09/2023,Delta
462,Casey Anderson,F,37,Hispanic or Latino,Mexico,Associate,Bachelor,2,"Decision Making, Adaptability, Dependability, Flexibility, Communication, Digital Literacy",1,TRUE,London,14/02/2023,08/03/2023,Delta
463,Riley Anderson,M,35,Central Asian,UK,Research Analyst,Master,0,"Creative problem solving, Critical thinking, Decision Making, Adaptability, Dependability, Flexibility, Communication, Digital Literacy",3,TRUE,London,03/10/2023,27/10/2023,Charlie
464,Taylor Martin,M,44,Pacific Islander,Fiji,Data Analyst,Bachelor,3,"Data analysis, Decision Making, Adaptability, Dependability, Time management, Information processing, Communication, Digital Literacy",2,TRUE,London,14/08/2023,30/08/2023,Delta
465,Jamie Thomas,F,34,Native American,USA,Data Analyst,Bachelor,2,"Data analysis, Decision Making, Adaptability, Dependability, Flexibility, Communication, Digital Literacy",2,TRUE,Bristol,14/07/2023,25/07/2023,Charlie
466,Quinn Smith,M,26,Middle Eastern,UK,Data Analyst,High School,3,"Decision Making, Adaptability, Dependability, Time management, Information processing, Communication, Researching",3,TRUE,London,18/09/2023,03/10/2023,Delta
467,Morgan Johnson,M,40,Pacific Islander,Fiji,Data Analyst,High School,4,"Decision Making, Adaptability, Dependability, Time management, Information processing, Communication, Researching",2,TRUE,Birmingham,17/11/2023,13/12/2023,Bravo
468,Morgan Martin,M,25,Hispanic or Latino,Mexico,Data Analyst,High School,5,"Leadership, Decision Making, Adaptability, Dependability, Time management, Information processing, Communication, Researching",3,TRUE,London,13/12/2023,29/01/2024,Echo
469,Jordan White,M,42,Central Asian,Kazakhstan,Associate,Bachelor,0,"Decision Making, Adaptability, Dependability, Flexibility, Communication, Digital Literacy",0,FALSE,London,19/07/2023,03/09/2023,Echo
470,Quinn Brown,F,35,Pacific Islander,Fiji,Data Analyst,Bachelor,8,"Leadership, Data analysis, Decision Making, Adaptability, Dependability, Time management, Mentoring, Information processing, Stakeholder engagement, Digital Literacy",5,TRUE,Bristol,24/07/2023,21/08/2023,Alpha
471,Casey Taylor,M,31,South Asian,India,Creative Technologist,Master,2,"Coding, Graphic design, Data Visualisation, Accounting, Data analysis, Decision Making, Adaptability, Dependability, Flexibility, Communication, Researching",4,TRUE,Manchester,05/12/2023,11/12/2023,Delta
472,Morgan Smith,M,45,Southeast Asian,Thailand,Associate,Bachelor,1,"Decision Making, Adaptability, Dependability, Flexibility, Communication, Digital Literacy",1,FALSE,Manchester,16/05/2023,13/06/2023,Bravo
473,Avery Anderson,F,33,Other,Unknown,Accountant,Bachelor,0,"Accounting, Decision Making, Adaptability, Dependability, Flexibility, Communication, Researching",1,FALSE,Glasgow,07/08/2023,24/08/2023,Delta
474,Alex Johnson,M,51,White,Germany,Data Analyst,Bachelor,4,"Accounting, Data analysis, Decision Making, Adaptability, Dependability, Time management, Information processing, Communication, Researching",3,TRUE,Manchester,30/06/2023,05/07/2023,Delta
475,Jamie Brown,M,35,Hispanic or Latino,Mexico,Data Analyst,Bachelor,3,"Decision Making, Adaptability, Dependability, Time management, Information processing, Communication, Digital Literacy",2,TRUE,Bristol,06/09/2023,16/09/2023,Alpha
476,Skyler Smith,F,22,Mixed,Brazil,Associate,Bachelor,1,"Decision Making, Adaptability, Dependability, Flexibility, Communication, Digital Literacy",1,FALSE,Bristol,19/09/2023,28/09/2023,Delta
477,Alex Smith,F,29,Middle Eastern,UK,Research Analyst,High School,0,"Decision Making, Adaptability, Dependability, Flexibility, Communication, Researching",1,TRUE,London,19/01/2023,16/03/2023,Echo
478,Jamie Thomas,M,52,Central Asian,Kazakhstan,Data Analyst,Bachelor,0,"Accounting, Data analysis, Decision Making, Adaptability, Dependability, Flexibility, Communication, Researching",1,TRUE,Manchester,14/07/2023,04/08/2023,Delta
479,Morgan Harris,M,31,Pacific Islander,Fiji,Creative Technologist,Master,2,"Coding, Graphic design, Data Visualisation, Accounting, Data analysis, Decision Making, Adaptability, Dependability, Flexibility, Communication, Researching",4,TRUE,London,03/02/2023,06/02/2023,Alpha
480,Avery White,M,19,Native American,UK,Accountant,Master,0,"Troubleshooting, Accounting, Decision Making, Adaptability, Dependability, Flexibility, Communication, Researching",3,TRUE,Birmingham,05/12/2023,20/12/2023,Delta
481,Avery White,F,42,Other,Unknown,Associate,Bachelor,2,"Decision Making, Adaptability, Dependability, Flexibility, Communication, Digital Literacy",1,TRUE,Glasgow,14/02/2023,03/03/2023,Alpha
482,Skyler Martin,M,39,Native American,USA,Accountant,Bachelor,0,"Accounting, Decision Making, Adaptability, Dependability, Flexibility, Communication, Researching",1,FALSE,Glasgow,03/11/2023,11/11/2023,Bravo
483,Morgan Jackson,M,20,Asian,China,Data Scientist,Master,1,"Data analysis, Decision Making, Adaptability, Dependability, Flexibility, Communication, Digital Literacy",2,TRUE,Glasgow,30/12/2023,28/02/2024,Echo
484,Skyler White,F,65,Hispanic or Latino,Mexico,Data Analyst,Bachelor,2,"Data analysis, Decision Making, Adaptability, Dependability, Flexibility, Communication, Digital Literacy",2,TRUE,Bristol,30/05/2023,04/06/2023,Charlie
485,Alex Harris,M,38,Black or African American,Nigeria,Data Analyst,High School,5,"Leadership, Decision Making, Adaptability, Dependability, Time management, Information processing, Communication, Researching",3,TRUE,London,10/09/2023,11/09/2023,Alpha
486,Alex Thomas,M,38,Native American,UK,Data Analyst,Bachelor,2,"Data analysis, Decision Making, Adaptability, Dependability, Flexibility, Communication, Digital Literacy",3,TRUE,Bristol,23/02/2023,07/03/2023,Charlie
487,Taylor Thomas,M,45,Native American,UK,Data Analyst,Bachelor,0,"Accounting, Data analysis, Decision Making, Adaptability, Dependability, Flexibility, Communication, Researching",2,TRUE,London,03/08/2023,14/08/2023,Charlie
488,Casey Brown,F,30,Hispanic or Latino,UK,Research Analyst,Master,1,"Creative problem solving, Critical thinking, Decision Making, Adaptability, Dependability, Flexibility, Communication, Digital Literacy",3,TRUE,Bristol,19/12/2023,05/01/2024,Bravo
489,Quinn White,F,47,Hispanic or Latino,Mexico,Data Scientist,Master,4,"Troubleshooting, Accounting, Decision Making, Adaptability, Dependability, Time management, Information processing, Communication, Researching",4,TRUE,Bristol,26/02/2023,05/05/2023,Echo
490,Skyler Martin,F,24,Other,Unknown,Data Analyst,Bachelor,3,"Decision Making, Adaptability, Dependability, Time management, Information processing, Communication, Digital Literacy",2,TRUE,Manchester,26/05/2023,27/05/2023,Charlie
491,Avery Harris,F,44,Central Asian,Kazakhstan,Data Scientist,Master,7,"Leadership, Data analysis, Decision Making, Adaptability, Dependability, Time management, Mentoring, Information processing, Communication, Digital Literacy",5,TRUE,Manchester,27/04/2023,13/05/2023,Bravo
492,Skyler Johnson,M,53,White,UK,Data Analyst,Bachelor,5,"Leadership, Decision Making, Adaptability, Dependability, Time management, Information processing, Communication, Digital Literacy",4,TRUE,Bristol,20/06/2023,02/07/2023,Delta
493,Skyler Harris,M,30,Other,UK,Data Analyst,Bachelor,1,"Accounting, Data analysis, Decision Making, Adaptability, Dependability, Flexibility, Communication, Researching",3,TRUE,London,05/02/2023,11/04/2023,Echo
494,Casey Smith,F,30,Southeast Asian,Thailand,Accountant,Bachelor,2,"Accounting, Decision Making, Adaptability, Dependability, Flexibility, Communication, Researching",2,TRUE,London,25/01/2023,29/01/2023,Delta
495,Alex Jackson,M,37,Asian,UK,Accountant,Bachelor,0,"Accounting, Decision Making, Adaptability, Dependability, Flexibility, Communication, Researching",2,TRUE,London,13/04/2023,30/05/2023,Echo
496,Taylor Harris,M,38,Southeast Asian,UK,Data Analyst,Bachelor,4,"Accounting, Data analysis, Decision Making, Adaptability, Dependability, Time management, Information processing, Communication, Researching",4,TRUE,Birmingham,24/06/2023,07/07/2023,Bravo
497,Quinn Brown,F,40,Native American,UK,Data Analyst,Bachelor,2,"Accounting, Data analysis, Decision Making, Adaptability, Dependability, Flexibility, Communication, Researching",3,TRUE,London,07/04/2023,28/04/2023,Charlie
498,Avery Johnson,F,55,Middle Eastern,Iran,Accountant,Bachelor,1,"Accounting, Decision Making, Adaptability, Dependability, Flexibility, Communication, Researching",1,TRUE,London,07/03/2023,09/03/2023,Charlie
499,Skyler Smith,M,41,Other,Unknown,Data Scientist,Master,1,"Data analysis, Decision Making, Adaptability, Dependability, Flexibility, Communication, Digital Literacy",2,TRUE,Manchester,09/03/2023,07/04/2023,Bravo
500,Casey Jackson,M,18,Middle Eastern,Iran,Associate,Bachelor,2,"Decision Making, Adaptability, Dependability, Flexibility, Communication, Digital Literacy",1,TRUE,Bristol,12/03/2023,16/03/2023,Delta
501,Avery Taylor,F,45,Pacific Islander,Fiji,Data Analyst,Bachelor,9,"Leadership, Project management, Data analysis, Decision Making, Adaptability, Dependability, Time management, Mentoring, Information processing, Stakeholder engagement, Digital Literacy",6,TRUE,Birmingham,14/09/2023,20/09/2023,Delta
502,Jamie Smith,F,53,Middle Eastern,Iran,Associate,Bachelor,0,"Decision Making, Adaptability, Dependability, Flexibility, Communication, Digital Literacy",0,FALSE,Manchester,03/11/2023,03/01/2024,Echo
503,Morgan Anderson,M,36,Pacific Islander,Fiji,Data Analyst,Bachelor,1,"Data analysis, Decision Making, Adaptability, Dependability, Flexibility, Communication, Digital Literacy",1,TRUE,Bristol,13/04/2023,13/05/2023,Delta
504,Skyler Brown,F,35,Hispanic or Latino,UK,Creative Technologist,Master,3,"Coding, Graphic design, Data Visualisation, Accounting, Data analysis, Decision Making, Adaptability, Dependability, Time management, Information processing, Communication, Researching",6,TRUE,Glasgow,25/02/2023,14/03/2023,Alpha
505,Taylor Taylor,M,36,East Asian,South Korea,Creative Technologist,Master,0,"Coding, Graphic design, Data Visualisation, Accounting, Data analysis, Decision Making, Adaptability, Dependability, Flexibility, Communication, Researching",3,TRUE,Manchester,30/12/2023,19/02/2024,Echo
506,Avery Jackson,F,42,Other,Unknown,Accountant,Master,1,"Troubleshooting, Accounting, Decision Making, Adaptability, Dependability, Flexibility, Communication, Researching",2,TRUE,Glasgow,18/01/2023,20/01/2023,Alpha
507,Alex Harris,F,51,East Asian,South Korea,Associate,Bachelor,1,"Decision Making, Adaptability, Dependability, Flexibility, Communication, Digital Literacy",1,FALSE,Bristol,05/09/2023,11/09/2023,Charlie
508,Jamie Jackson,F,38,Hispanic or Latino,Mexico,Accountant,Bachelor,0,"Accounting, Decision Making, Adaptability, Dependability, Flexibility, Communication, Researching",1,FALSE,London,21/09/2023,07/10/2023,Charlie
509,Morgan White,M,30,South Asian,UK,Research Analyst,Master,0,"Creative problem solving, Critical thinking, Decision Making, Adaptability, Dependability, Flexibility, Communication, Digital Literacy",3,TRUE,Birmingham,07/09/2023,24/09/2023,Delta
510,Alex Thomas,M,29,Asian,China,Data Scientist,Master,3,"Troubleshooting, Accounting, Decision Making, Adaptability, Dependability, Time management, Information processing, Communication, Researching",3,TRUE,Bristol,27/12/2023,15/01/2024,Bravo
511,Alex Jackson,F,51,Central Asian,UK,Research Analyst,Master,1,"Creative problem solving, Critical thinking, Decision Making, Adaptability, Dependability, Flexibility, Communication, Digital Literacy",3,TRUE,Manchester,05/11/2023,19/01/2024,Echo
512,Jamie Smith,M,33,Black or African American,Nigeria,Data Analyst,Bachelor,1,"Accounting, Data analysis, Decision Making, Adaptability, Dependability, Flexibility, Communication, Researching",2,TRUE,Glasgow,16/01/2023,16/04/2023,Echo
513,Jamie Anderson,M,54,Mixed,UK,Data Analyst,Bachelor,2,"Accounting, Data analysis, Decision Making, Adaptability, Dependability, Flexibility, Communication, Researching",3,TRUE,Manchester,01/04/2023,09/04/2023,Delta
514,Taylor Thomas,F,44,Native American,UK,Data Scientist,Master,5,"Leadership, Troubleshooting, Accounting, Decision Making, Adaptability, Dependability, Time management, Information processing, Communication, Researching",6,TRUE,Bristol,10/07/2023,09/08/2023,Charlie
515,Skyler Johnson,M,45,Hispanic or Latino,Mexico,Accountant,Bachelor,1,"Accounting, Decision Making, Adaptability, Dependability, Flexibility, Communication, Researching",1,TRUE,Bristol,18/11/2023,18/12/2023,Bravo
516,Casey Anderson,M,34,White,Germany,Creative Technologist,Master,3,"Coding, Graphic design, Data Visualisation, Accounting, Data analysis, Decision Making, Adaptability, Dependability, Time management, Information processing, Communication, Researching",4,TRUE,London,19/04/2023,21/04/2023,Alpha
517,Avery Anderson,F,52,Middle Eastern,Iran,Accountant,Bachelor,2,"Accounting, Decision Making, Adaptability, Dependability, Flexibility, Communication, Researching",2,TRUE,Manchester,12/02/2023,23/02/2023,Charlie
518,Casey White,F,35,Other,UK,Data Analyst,Bachelor,0,"Accounting, Data analysis, Decision Making, Adaptability, Dependability, Flexibility, Communication, Researching",2,TRUE,London,28/08/2023,17/10/2023,Echo
519,Riley Johnson,M,40,East Asian,South Korea,Data Analyst,Bachelor,2,"Accounting, Data analysis, Decision Making, Adaptability, Dependability, Flexibility, Communication, Researching",2,TRUE,Manchester,10/02/2023,18/02/2023,Delta
520,Riley Martin,F,34,Native American,USA,Data Analyst,Bachelor,1,"Accounting, Data analysis, Decision Making, Adaptability, Dependability, Flexibility, Communication, Researching",2,TRUE,London,05/08/2023,01/09/2023,Bravo
521,Skyler White,M,42,Hispanic or Latino,Mexico,Data Analyst,Bachelor,5,"Leadership, Data analysis, Decision Making, Adaptability, Dependability, Time management, Information processing, Communication, Digital Literacy",4,TRUE,London,12/01/2023,18/01/2023,Bravo
522,Quinn Johnson,M,61,Central Asian,UK,Accountant,Master,0,"Troubleshooting, Accounting, Decision Making, Adaptability, Dependability, Flexibility, Communication, Researching",3,TRUE,London,20/05/2023,02/06/2023,Charlie
523,Avery Taylor,M,35,East Asian,South Korea,Accountant,Master,0,"Troubleshooting, Accounting, Decision Making, Adaptability, Dependability, Flexibility, Communication, Researching",2,TRUE,London,26/11/2023,30/01/2024,Echo
524,Jordan Taylor,F,54,East Asian,South Korea,Accountant,Master,0,"Troubleshooting, Accounting, Decision Making, Adaptability, Dependability, Flexibility, Communication, Researching",2,TRUE,Bristol,12/03/2023,12/05/2023,Echo
525,Casey Brown,M,35,East Asian,South Korea,Data Scientist,Master,3,"Data analysis, Decision Making, Adaptability, Dependability, Time management, Information processing, Communication, Digital Literacy",3,TRUE,Manchester,18/06/2023,09/07/2023,Alpha
526,Jordan Martin,M,46,Black or African American,Nigeria,Data Analyst,Bachelor,0,"Data analysis, Decision Making, Adaptability, Dependability, Flexibility, Communication, Digital Literacy",1,FALSE,Glasgow,05/06/2023,13/08/2023,Echo
527,Quinn Harris,M,39,White,Germany,Accountant,Master,1,"Troubleshooting, Accounting, Decision Making, Adaptability, Dependability, Flexibility, Communication, Researching",2,TRUE,Bristol,27/03/2023,03/04/2023,Delta
528,Taylor Johnson,F,18,Native American,UK,Accountant,Bachelor,1,"Accounting, Decision Making, Adaptability, Dependability, Flexibility, Communication, Researching",2,TRUE,Bristol,23/04/2023,02/05/2023,Charlie
529,Casey Anderson,F,50,Mixed,Brazil,Accountant,Master,1,"Troubleshooting, Accounting, Decision Making, Adaptability, Dependability, Flexibility, Communication, Researching",2,TRUE,London,12/09/2023,27/09/2023,Bravo
530,Riley Jackson,F,32,Asian,China,Data Analyst,Bachelor,8,"Leadership, Accounting, Decision Making, Adaptability, Dependability, Time management, Mentoring, Information processing, Stakeholder engagement, Researching",5,TRUE,Bristol,21/08/2023,02/11/2023,Echo
531,Casey White,M,43,South Asian,India,Data Analyst,High School,3,"Decision Making, Adaptability, Dependability, Time management, Information processing, Communication, Researching",2,TRUE,London,29/04/2023,11/05/2023,Bravo
532,Alex Thomas,F,55,Central Asian,Kazakhstan,Data Analyst,High School,4,"Decision Making, Adaptability, Dependability, Time management, Information processing, Communication, Researching",2,TRUE,Manchester,01/07/2023,19/09/2023,Echo
533,Alex Johnson,M,56,Mixed,Brazil,Creative Technologist,Master,1,"Coding, Graphic design, Data Visualisation, Accounting, Data analysis, Decision Making, Adaptability, Dependability, Flexibility, Communication, Researching",3,TRUE,London,08/09/2023,03/10/2023,Delta
534,Skyler Johnson,M,33,Middle Eastern,UK,Accountant,Bachelor,2,"Accounting, Decision Making, Adaptability, Dependability, Flexibility, Communication, Researching",3,TRUE,Bristol,27/09/2023,07/10/2023,Bravo
535,Skyler Thomas,F,43,Middle Eastern,Iran,Data Analyst,Bachelor,2,"Data analysis, Decision Making, Adaptability, Dependability, Flexibility, Communication, Digital Literacy",2,TRUE,Manchester,17/03/2023,03/04/2023,Charlie
536,Jamie Johnson,F,44,Pacific Islander,Fiji,Data Scientist,Master,1,"Data analysis, Decision Making, Adaptability, Dependability, Flexibility, Communication, Digital Literacy",2,TRUE,Manchester,22/05/2023,30/05/2023,Charlie
537,Jamie White,M,24,Southeast Asian,Thailand,Associate,Bachelor,0,"Decision Making, Adaptability, Dependability, Flexibility, Communication, Digital Literacy",0,FALSE,London,06/10/2023,25/11/2023,Echo
538,Avery Johnson,F,34,White,Germany,Associate,Bachelor,0,"Decision Making, Adaptability, Dependability, Flexibility, Communication, Digital Literacy",0,FALSE,Birmingham,23/01/2023,14/03/2023,Echo
539,Riley White,F,50,Central Asian,Kazakhstan,Research Analyst,Master,1,"Creative problem solving, Critical thinking, Decision Making, Adaptability, Dependability, Flexibility, Communication, Digital Literacy",2,TRUE,London,25/09/2023,06/10/2023,Bravo
540,Riley Thomas,F,62,White,Germany,Data Analyst,Bachelor,0,"Accounting, Data analysis, Decision Making, Adaptability, Dependability, Flexibility, Communication, Researching",1,TRUE,Birmingham,09/06/2023,19/06/2023,Delta
541,Jordan Jackson,M,42,White,Germany,Creative Technologist,Master,1,"Coding, Graphic design, Data Visualisation, Accounting, Data analysis, Decision Making, Adaptability, Dependability, Flexibility, Communication, Researching",3,TRUE,London,18/01/2023,06/04/2023,Echo
542,Casey Johnson,F,36,Pacific Islander,UK,Data Analyst,Bachelor,4,"Accounting, Decision Making, Adaptability, Dependability, Time management, Information processing, Communication, Researching",4,TRUE,London,03/10/2023,18/12/2023,Echo
543,Quinn Johnson,M,18,Middle Eastern,Iran,Data Scientist,PhD,3,"Creative problem solving, Critical thinking, Decision Making, Adaptability, Dependability, Time management, Information processing, Communication, Digital Literacy",4,TRUE,London,06/01/2023,20/01/2023,Delta
544,Taylor Anderson,F,51,Asian,UK,Data Scientist,PhD,5,"Leadership, Data analysis, Decision Making, Adaptability, Dependability, Time management, Information processing, Communication, Digital Literacy",6,TRUE,Glasgow,29/06/2023,01/07/2023,Charlie
545,Alex Brown,F,43,Hispanic or Latino,UK,Research Analyst,High School,2,"Decision Making, Adaptability, Dependability, Flexibility, Communication, Researching",2,TRUE,London,14/08/2023,24/08/2023,Delta
546,Skyler Smith,M,35,Pacific Islander,Fiji,Data Analyst,Bachelor,0,"Accounting, Data analysis, Decision Making, Adaptability, Dependability, Flexibility, Communication, Researching",1,TRUE,Birmingham,10/09/2023,03/10/2023,Delta
547,Morgan White,M,33,Southeast Asian,Thailand,Data Analyst,Bachelor,10,"Leadership, Project management, Decision Making, Adaptability, Dependability, Time management, Mentoring, Information processing, Stakeholder engagement, Digital Literacy",6,TRUE,Bristol,25/05/2023,20/06/2023,Charlie
548,Quinn Harris,M,39,Southeast Asian,Thailand,Data Scientist,Master,3,"Troubleshooting, Accounting, Decision Making, Adaptability, Dependability, Time management, Information processing, Communication, Researching",3,TRUE,Bristol,21/03/2023,19/04/2023,Bravo
549,Jordan Johnson,F,30,Central Asian,UK,Research Analyst,High School,2,"Decision Making, Adaptability, Dependability, Flexibility, Communication, Researching",2,TRUE,Manchester,12/03/2023,25/03/2023,Alpha
550,Skyler Martin,M,35,Southeast Asian,UK,Accountant,Bachelor,0,"Accounting, Decision Making, Adaptability, Dependability, Flexibility, Communication, Researching",2,TRUE,London,30/09/2023,02/10/2023,Alpha
551,Riley Taylor,F,47,South Asian,India,Data Analyst,Bachelor,5,"Leadership, Decision Making, Adaptability, Dependability, Time management, Information processing, Communication, Digital Literacy",3,TRUE,London,19/05/2023,02/06/2023,Bravo
552,Jamie Harris,M,20,Pacific Islander,Fiji,Data Scientist,Master,4,"Troubleshooting, Accounting, Decision Making, Adaptability, Dependability, Time management, Information processing, Communication, Researching",4,TRUE,London,22/02/2023,27/02/2023,Delta
553,Skyler Martin,M,30,Pacific Islander,Fiji,Data Analyst,Bachelor,1,"Data analysis, Decision Making, Adaptability, Dependability, Flexibility, Communication, Digital Literacy",1,TRUE,London,17/09/2023,11/10/2023,Alpha
554,Alex Jackson,M,34,East Asian,South Korea,Associate,Bachelor,0,"Decision Making, Adaptability, Dependability, Flexibility, Communication, Digital Literacy",0,FALSE,London,18/10/2023,07/12/2023,Echo
555,Riley Johnson,M,39,Hispanic or Latino,Mexico,Creative Technologist,Master,5,"Leadership, Coding, Graphic design, Data Visualisation, Accounting, Data analysis, Decision Making, Adaptability, Dependability, Time management, Information processing, Communication, Researching",6,TRUE,Manchester,11/09/2023,30/11/2023,Echo
556,Casey Thomas,F,48,Hispanic or Latino,UK,Data Analyst,Bachelor,0,"Data analysis, Decision Making, Adaptability, Dependability, Flexibility, Communication, Digital Literacy",2,TRUE,London,15/02/2023,15/03/2023,Bravo
557,Avery Johnson,M,35,East Asian,UK,Data Analyst,Bachelor,4,"Accounting, Data analysis, Decision Making, Adaptability, Dependability, Time management, Information processing, Communication, Researching",4,TRUE,Glasgow,13/09/2023,26/09/2023,Bravo
558,Jordan Thomas,F,35,Central Asian,Kazakhstan,Data Analyst,Bachelor,3,"Decision Making, Adaptability, Dependability, Time management, Information processing, Communication, Digital Literacy",2,TRUE,Birmingham,18/02/2023,23/02/2023,Delta
559,Quinn White,M,37,Central Asian,Kazakhstan,Accountant,Master,1,"Troubleshooting, Accounting, Decision Making, Adaptability, Dependability, Flexibility, Communication, Researching",2,TRUE,London,27/06/2023,15/07/2023,Alpha
560,Jamie Harris,F,33,Middle Eastern,Iran,Accountant,Master,1,"Troubleshooting, Accounting, Decision Making, Adaptability, Dependability, Flexibility, Communication, Researching",2,TRUE,Glasgow,19/12/2023,15/01/2024,Alpha
561,Avery White,M,58,Other,UK,Data Analyst,Bachelor,1,"Accounting, Data analysis, Decision Making, Adaptability, Dependability, Flexibility, Communication, Researching",3,TRUE,Manchester,14/03/2023,02/04/2023,Alpha
562,Quinn Johnson,M,57,Southeast Asian,UK,Research Analyst,Master,1,"Creative problem solving, Critical thinking, Decision Making, Adaptability, Dependability, Flexibility, Communication, Digital Literacy",3,TRUE,Glasgow,05/01/2023,12/01/2023,Delta
563,Alex Jackson,F,56,Asian,China,Data Analyst,Bachelor,1,"Data analysis, Decision Making, Adaptability, Dependability, Flexibility, Communication, Digital Literacy",1,TRUE,Glasgow,30/06/2023,12/07/2023,Delta
564,Taylor Harris,F,39,Central Asian,Kazakhstan,Accountant,Bachelor,0,"Accounting, Decision Making, Adaptability, Dependability, Flexibility, Communication, Researching",1,FALSE,Bristol,07/01/2023,12/01/2023,Alpha
565,Jamie Martin,M,37,Hispanic or Latino,UK,Accountant,Bachelor,1,"Accounting, Decision Making, Adaptability, Dependability, Flexibility, Communication, Researching",2,TRUE,London,11/08/2023,30/08/2023,Bravo
566,Casey White,M,31,Southeast Asian,Thailand,Associate,Bachelor,1,"Decision Making, Adaptability, Dependability, Flexibility, Communication, Digital Literacy",1,FALSE,London,13/07/2023,16/09/2023,Echo
567,Alex Brown,M,32,Middle Eastern,Iran,Accountant,Bachelor,0,"Accounting, Decision Making, Adaptability, Dependability, Flexibility, Communication, Researching",1,FALSE,Birmingham,07/12/2023,15/12/2023,Delta
568,Skyler Jackson,M,34,South Asian,UK,Data Analyst,High School,10,"Leadership, Project management, Decision Making, Adaptability, Dependability, Time management, Mentoring, Information processing, Stakeholder engagement, Researching",7,TRUE,London,25/10/2023,18/11/2023,Bravo
569,Alex Jackson,M,58,Central Asian,Kazakhstan,Data Analyst,Bachelor,4,"Accounting, Decision Making, Adaptability, Dependability, Time management, Information processing, Communication, Researching",3,TRUE,Manchester,21/09/2023,26/09/2023,Bravo
570,Casey Smith,M,35,Native American,USA,Creative Technologist,PhD,0,"Coding, Graphic design, Data Visualisation, Accounting, Data analysis, Decision Making, Adaptability, Dependability, Flexibility, Communication, Researching",3,TRUE,Bristol,01/07/2023,24/07/2023,Bravo
571,Jordan Smith,M,40,East Asian,South Korea,Accountant,Bachelor,0,"Accounting, Decision Making, Adaptability, Dependability, Flexibility, Communication, Researching",1,FALSE,Bristol,25/08/2023,03/09/2023,Charlie
572,Avery Brown,M,56,Asian,China,Creative Technologist,Master,1,"Coding, Graphic design, Data Visualisation, Accounting, Data analysis, Decision Making, Adaptability, Dependability, Flexibility, Communication, Researching",3,TRUE,Birmingham,14/05/2023,23/05/2023,Alpha
573,Jamie Taylor,M,40,Asian,China,Data Analyst,High School,5,"Leadership, Decision Making, Adaptability, Dependability, Time management, Information processing, Communication, Researching",3,TRUE,Glasgow,04/01/2023,21/01/2023,Delta
574,Casey Anderson,F,40,South Asian,UK,Creative Technologist,PhD,3,"Coding, Graphic design, Data Visualisation, Accounting, Data analysis, Decision Making, Adaptability, Dependability, Time management, Information processing, Communication, Researching",6,TRUE,Manchester,09/11/2023,08/12/2023,Alpha
575,Quinn White,M,46,Hispanic or Latino,Mexico,Data Analyst,Bachelor,3,"Accounting, Decision Making, Adaptability, Dependability, Time management, Information processing, Communication, Researching",2,TRUE,Manchester,24/03/2023,08/04/2023,Alpha
576,Quinn Jackson,F,24,Hispanic or Latino,Mexico,Accountant,Bachelor,2,"Accounting, Decision Making, Adaptability, Dependability, Flexibility, Communication, Researching",2,TRUE,Bristol,26/09/2023,20/10/2023,Alpha
577,Skyler Taylor,M,45,Hispanic or Latino,Mexico,Accountant,Bachelor,0,"Accounting, Decision Making, Adaptability, Dependability, Flexibility, Communication, Researching",1,FALSE,London,03/04/2023,08/04/2023,Bravo
578,Jordan Brown,F,42,Pacific Islander,Fiji,Accountant,Master,2,"Troubleshooting, Accounting, Decision Making, Adaptability, Dependability, Flexibility, Communication, Researching",2,TRUE,Birmingham,21/01/2023,05/02/2023,Alpha
579,Riley Jackson,M,40,Southeast Asian,Thailand,Research Analyst,PhD,1,"Creative problem solving, Critical thinking, Decision Making, Adaptability, Dependability, Flexibility, Communication, Digital Literacy",2,TRUE,Birmingham,27/08/2023,11/09/2023,Bravo
580,Skyler Brown,M,42,Central Asian,Kazakhstan,Associate,Bachelor,1,"Decision Making, Adaptability, Dependability, Flexibility, Communication, Digital Literacy",1,FALSE,London,26/11/2023,09/02/2024,Echo
581,Taylor Taylor,F,40,Southeast Asian,Thailand,Data Analyst,Bachelor,4,"Data analysis, Decision Making, Adaptability, Dependability, Time management, Information processing, Communication, Digital Literacy",3,TRUE,London,17/11/2023,14/12/2023,Alpha
582,Morgan Thomas,F,46,White,Germany,Research Analyst,Master,0,"Creative problem solving, Critical thinking, Decision Making, Adaptability, Dependability, Flexibility, Communication, Digital Literacy",2,TRUE,London,04/03/2023,12/03/2023,Alpha
583,Riley Anderson,F,37,Hispanic or Latino,Mexico,Accountant,Bachelor,0,"Accounting, Decision Making, Adaptability, Dependability, Flexibility, Communication, Researching",1,FALSE,Bristol,23/03/2023,16/06/2023,Echo
584,Riley Brown,M,34,East Asian,UK,Data Analyst,Bachelor,0,"Accounting, Data analysis, Decision Making, Adaptability, Dependability, Flexibility, Communication, Researching",2,TRUE,Manchester,01/09/2023,27/09/2023,Delta
585,Quinn Smith,F,29,Pacific Islander,Fiji,Associate,Bachelor,2,"Decision Making, Adaptability, Dependability, Flexibility, Communication, Digital Literacy",1,TRUE,Glasgow,14/06/2023,01/09/2023,Echo
586,Riley Anderson,M,49,Central Asian,Kazakhstan,Data Scientist,Master,1,"Data analysis, Decision Making, Adaptability, Dependability, Flexibility, Communication, Digital Literacy",2,TRUE,Glasgow,04/11/2023,04/12/2023,Alpha
587,Jamie Johnson,M,40,Mixed,Brazil,Research Analyst,Master,1,"Creative problem solving, Critical thinking, Decision Making, Adaptability, Dependability, Flexibility, Communication, Digital Literacy",2,TRUE,Manchester,15/06/2023,04/07/2023,Delta
588,Riley Harris,F,47,East Asian,South Korea,Associate,Bachelor,1,"Decision Making, Adaptability, Dependability, Flexibility, Communication, Digital Literacy",1,FALSE,London,05/10/2023,25/10/2023,Delta
589,Jamie Jackson,F,43,East Asian,South Korea,Research Analyst,High School,1,"Decision Making, Adaptability, Dependability, Flexibility, Communication, Researching",0,FALSE,Bristol,18/12/2023,01/01/2024,Bravo
590,Alex Anderson,F,56,South Asian,India,Creative Technologist,Master,0,"Coding, Graphic design, Data Visualisation, Accounting, Data analysis, Decision Making, Adaptability, Dependability, Flexibility, Communication, Researching",3,TRUE,Birmingham,06/03/2023,13/03/2023,Bravo
591,Taylor White,M,35,Pacific Islander,Fiji,Accountant,Bachelor,1,"Accounting, Decision Making, Adaptability, Dependability, Flexibility, Communication, Researching",1,TRUE,London,31/05/2023,03/06/2023,Alpha
592,Casey Thomas,M,46,White,Germany,Data Analyst,Bachelor,1,"Data analysis, Decision Making, Adaptability, Dependability, Flexibility, Communication, Digital Literacy",1,TRUE,London,28/10/2023,18/11/2023,Bravo
593,Quinn Thomas,M,30,Mixed,Brazil,Data Scientist,Master,1,"Data analysis, Decision Making, Adaptability, Dependability, Flexibility, Communication, Digital Literacy",2,TRUE,London,26/11/2023,20/12/2023,Alpha
594,Avery Anderson,F,32,South Asian,India,Data Analyst,High School,4,"Decision Making, Adaptability, Dependability, Time management, Information processing, Communication, Researching",2,TRUE,London,30/09/2023,20/10/2023,Bravo
595,Quinn Martin,M,38,White,Germany,Associate,Bachelor,1,"Decision Making, Adaptability, Dependability, Flexibility, Communication, Digital Literacy",1,FALSE,Bristol,18/10/2023,02/12/2023,Echo
596,Casey Thomas,M,54,East Asian,South Korea,Accountant,PhD,2,"Troubleshooting, Accounting, Decision Making, Adaptability, Dependability, Flexibility, Communication, Researching",3,TRUE,Glasgow,10/08/2023,26/08/2023,Bravo
597,Quinn Anderson,M,53,Pacific Islander,Fiji,Data Analyst,Bachelor,3,"Decision Making, Adaptability, Dependability, Time management, Information processing, Communication, Digital Literacy",2,TRUE,Glasgow,16/08/2023,14/10/2023,Echo
598,Taylor Anderson,F,28,Mixed,Brazil,Associate,Bachelor,1,"Decision Making, Adaptability, Dependability, Flexibility, Communication, Digital Literacy",1,FALSE,London,04/06/2023,07/06/2023,Delta
599,Morgan Harris,F,41,Asian,UK,Research Analyst,Master,1,"Creative problem solving, Critical thinking, Decision Making, Adaptability, Dependability, Flexibility, Communication, Digital Literacy",3,TRUE,London,15/07/2023,02/08/2023,Delta
600,Casey Jackson,F,40,Mixed,Brazil,Creative Technologist,Master,1,"Coding, Graphic design, Data Visualisation, Accounting, Data analysis, Decision Making, Adaptability, Dependability, Flexibility, Communication, Researching",3,TRUE,Manchester,12/07/2023,14/07/2023,Bravo
601,Casey Jackson,M,36,White,UK,Creative Technologist,Master,2,"Coding, Graphic design, Data Visualisation, Accounting, Data analysis, Decision Making, Adaptability, Dependability, Flexibility, Communication, Researching",5,TRUE,Manchester,01/03/2023,13/03/2023,Delta
602,Quinn Martin,M,42,Pacific Islander,Fiji,Data Analyst,Bachelor,4,"Accounting, Decision Making, Adaptability, Dependability, Time management, Information processing, Communication, Researching",3,TRUE,Bristol,15/09/2023,03/12/2023,Echo
603,Jordan Thomas,F,49,East Asian,South Korea,Data Analyst,Bachelor,5,"Leadership, Data analysis, Decision Making, Adaptability, Dependability, Time management, Information processing, Communication, Digital Literacy",4,TRUE,Manchester,19/05/2023,06/08/2023,Echo
604,Skyler Thomas,F,25,Mixed,Brazil,Creative Technologist,Master,1,"Coding, Graphic design, Data Visualisation, Accounting, Data analysis, Decision Making, Adaptability, Dependability, Flexibility, Communication, Researching",3,TRUE,Manchester,03/07/2023,25/08/2023,Echo
605,Alex Anderson,F,47,Native American,UK,Data Analyst,Bachelor,1,"Accounting, Data analysis, Decision Making, Adaptability, Dependability, Flexibility, Communication, Researching",3,TRUE,Birmingham,01/01/2023,17/01/2023,Charlie
606,Riley Smith,F,62,Central Asian,Kazakhstan,Accountant,Bachelor,1,"Accounting, Decision Making, Adaptability, Dependability, Flexibility, Communication, Researching",1,TRUE,Birmingham,19/11/2023,29/11/2023,Bravo
607,Casey Harris,F,41,White,Germany,Data Scientist,Master,1,"Data analysis, Decision Making, Adaptability, Dependability, Flexibility, Communication, Digital Literacy",2,TRUE,Birmingham,10/04/2023,29/04/2023,Charlie
608,Riley Johnson,F,21,East Asian,South Korea,Data Scientist,Master,3,"Creative problem solving, Critical thinking, Decision Making, Adaptability, Dependability, Time management, Information processing, Communication, Digital Literacy",3,TRUE,Manchester,09/10/2023,25/10/2023,Delta
609,Avery Thomas,M,54,White,Germany,Data Analyst,Bachelor,1,"Accounting, Data analysis, Decision Making, Adaptability, Dependability, Flexibility, Communication, Researching",2,TRUE,Glasgow,26/03/2023,12/04/2023,Bravo
610,Jamie Johnson,M,31,Black or African American,Nigeria,Data Scientist,Master,2,"Data analysis, Decision Making, Adaptability, Dependability, Flexibility, Communication, Digital Literacy",2,TRUE,London,19/11/2023,22/11/2023,Bravo
611,Jordan Smith,F,26,East Asian,South Korea,Accountant,Bachelor,0,"Accounting, Decision Making, Adaptability, Dependability, Flexibility, Communication, Researching",1,FALSE,London,19/02/2023,05/04/2023,Echo
612,Jamie Taylor,M,36,Asian,China,Data Analyst,Bachelor,1,"Accounting, Data analysis, Decision Making, Adaptability, Dependability, Flexibility, Communication, Researching",2,TRUE,Manchester,08/06/2023,05/09/2023,Echo
613,Quinn White,F,35,Mixed,Brazil,Data Analyst,Bachelor,4,"Accounting, Decision Making, Adaptability, Dependability, Time management, Information processing, Communication, Researching",3,TRUE,London,31/07/2023,18/08/2023,Delta
614,Jordan Brown,M,30,Hispanic or Latino,UK,Associate,Bachelor,1,"Decision Making, Adaptability, Dependability, Flexibility, Communication, Digital Literacy",2,TRUE,London,17/12/2023,20/12/2023,Delta
615,Casey Thomas,F,49,Middle Eastern,Iran,Creative Technologist,Master,3,"Coding, Graphic design, Data Visualisation, Accounting, Data analysis, Decision Making, Adaptability, Dependability, Time management, Information processing, Communication, Researching",4,TRUE,Bristol,15/08/2023,15/10/2023,Echo
616,Riley Johnson,F,45,Mixed,Brazil,Data Analyst,Bachelor,1,"Accounting, Data analysis, Decision Making, Adaptability, Dependability, Flexibility, Communication, Researching",2,TRUE,London,19/10/2023,11/11/2023,Alpha
617,Skyler Johnson,M,32,Other,Unknown,Data Analyst,Bachelor,3,"Accounting, Data analysis, Decision Making, Adaptability, Dependability, Time management, Information processing, Communication, Researching",3,TRUE,Manchester,04/07/2023,30/08/2023,Echo
618,Jamie Martin,F,36,Hispanic or Latino,UK,Data Scientist,Master,5,"Leadership, Data analysis, Decision Making, Adaptability, Dependability, Time management, Information processing, Communication, Digital Literacy",5,TRUE,London,31/07/2023,30/08/2023,Alpha
619,Taylor Smith,F,27,East Asian,South Korea,Creative Technologist,Master,2,"Coding, Graphic design, Data Visualisation, Accounting, Data analysis, Decision Making, Adaptability, Dependability, Flexibility, Communication, Researching",4,TRUE,Bristol,11/05/2023,19/05/2023,Delta
620,Jamie Anderson,F,33,Other,Unknown,Creative Technologist,PhD,1,"Coding, Graphic design, Data Visualisation, Accounting, Data analysis, Decision Making, Adaptability, Dependability, Flexibility, Communication, Researching",4,TRUE,Bristol,29/09/2023,25/11/2023,Echo
621,Skyler Brown,M,31,Southeast Asian,Thailand,Data Analyst,Bachelor,2,"Accounting, Data analysis, Decision Making, Adaptability, Dependability, Flexibility, Communication, Researching",2,TRUE,Manchester,25/01/2023,21/03/2023,Echo
622,Jordan Johnson,F,23,White,UK,Accountant,Bachelor,0,"Accounting, Decision Making, Adaptability, Dependability, Flexibility, Communication, Researching",2,TRUE,Manchester,28/11/2023,14/12/2023,Alpha
623,Avery Smith,F,42,Mixed,Brazil,Data Scientist,Master,5,"Leadership, Troubleshooting, Accounting, Decision Making, Adaptability, Dependability, Time management, Information processing, Communication, Researching",4,TRUE,Bristol,27/06/2023,13/07/2023,Charlie
624,Casey Brown,M,42,Asian,China,Creative Technologist,PhD,0,"Coding, Graphic design, Data Visualisation, Accounting, Data analysis, Decision Making, Adaptability, Dependability, Flexibility, Communication, Researching",3,TRUE,Birmingham,23/02/2023,13/03/2023,Bravo
625,Taylor Anderson,M,49,Black or African American,Nigeria,Creative Technologist,Master,3,"Coding, Graphic design, Data Visualisation, Accounting, Data analysis, Decision Making, Adaptability, Dependability, Time management, Information processing, Communication, Researching",4,TRUE,Manchester,16/07/2023,31/08/2023,Echo
626,Jamie White,M,42,Black or African American,Nigeria,Data Analyst,Bachelor,1,"Data analysis, Decision Making, Adaptability, Dependability, Flexibility, Communication, Digital Literacy",1,TRUE,Manchester,31/05/2023,17/06/2023,Delta
627,Skyler Thomas,M,41,White,UK,Associate,Bachelor,1,"Decision Making, Adaptability, Dependability, Flexibility, Communication, Digital Literacy",2,TRUE,Manchester,21/11/2023,01/12/2023,Bravo
628,Taylor Johnson,M,39,Asian,China,Data Analyst,Bachelor,6,"Leadership, Data analysis, Decision Making, Adaptability, Dependability, Time management, Mentoring, Information processing, Communication, Digital Literacy",4,TRUE,Bristol,08/11/2023,18/11/2023,Charlie
629,Jordan Harris,F,47,East Asian,South Korea,Creative Technologist,Master,4,"Coding, Graphic design, Data Visualisation, Accounting, Data analysis, Decision Making, Adaptability, Dependability, Time management, Information processing, Communication, Researching",5,TRUE,Manchester,17/03/2023,28/03/2023,Alpha
630,Jordan Thomas,F,65,Southeast Asian,Thailand,Data Analyst,Bachelor,1,"Data analysis, Decision Making, Adaptability, Dependability, Flexibility, Communication, Digital Literacy",1,TRUE,London,09/09/2023,23/09/2023,Delta
631,Jordan Anderson,F,37,Central Asian,UK,Creative Technologist,Master,4,"Coding, Graphic design, Data Visualisation, Accounting, Data analysis, Decision Making, Adaptability, Dependability, Time management, Information processing, Communication, Researching",6,TRUE,London,26/01/2023,17/02/2023,Alpha
632,Alex Brown,M,38,Other,UK,Associate,Bachelor,0,"Decision Making, Adaptability, Dependability, Flexibility, Communication, Digital Literacy",2,TRUE,London,04/09/2023,20/10/2023,Echo
633,Taylor Johnson,F,45,Hispanic or Latino,Mexico,Data Scientist,Master,0,"Data analysis, Decision Making, Adaptability, Dependability, Flexibility, Communication, Digital Literacy",1,TRUE,Glasgow,28/07/2023,03/08/2023,Alpha
634,Taylor Brown,M,46,Asian,China,Creative Technologist,Master,1,"Coding, Graphic design, Data Visualisation, Accounting, Data analysis, Decision Making, Adaptability, Dependability, Flexibility, Communication, Researching",3,TRUE,Birmingham,09/12/2023,19/02/2024,Echo
635,Avery Harris,F,20,Other,Unknown,Associate,Bachelor,2,"Decision Making, Adaptability, Dependability, Flexibility, Communication, Digital Literacy",1,TRUE,Manchester,02/06/2023,16/06/2023,Delta
636,Riley Taylor,M,44,Central Asian,UK,Research Analyst,Master,1,"Creative problem solving, Critical thinking, Decision Making, Adaptability, Dependability, Flexibility, Communication, Digital Literacy",3,TRUE,Manchester,27/11/2023,13/12/2023,Bravo
637,Jamie Smith,M,40,South Asian,UK,Research Analyst,Master,0,"Creative problem solving, Critical thinking, Decision Making, Adaptability, Dependability, Flexibility, Communication, Digital Literacy",3,TRUE,London,22/08/2023,25/08/2023,Charlie
638,Riley Jackson,M,46,East Asian,UK,Creative Technologist,Master,2,"Coding, Graphic design, Data Visualisation, Accounting, Data analysis, Decision Making, Adaptability, Dependability, Flexibility, Communication, Researching",5,TRUE,Bristol,29/10/2023,24/11/2023,Charlie
639,Morgan Brown,F,44,East Asian,South Korea,Data Analyst,Bachelor,1,"Accounting, Data analysis, Decision Making, Adaptability, Dependability, Flexibility, Communication, Researching",2,TRUE,Birmingham,13/07/2023,14/07/2023,Bravo
640,Quinn Thomas,F,44,East Asian,UK,Accountant,Bachelor,0,"Accounting, Decision Making, Adaptability, Dependability, Flexibility, Communication, Researching",2,TRUE,Glasgow,20/03/2023,26/03/2023,Alpha
641,Avery White,M,52,Central Asian,UK,Data Analyst,Bachelor,1,"Data analysis, Decision Making, Adaptability, Dependability, Flexibility, Communication, Digital Literacy",2,TRUE,Manchester,16/03/2023,21/03/2023,Bravo
642,Jamie Smith,M,57,Mixed,UK,Data Analyst,Bachelor,2,"Accounting, Data analysis, Decision Making, Adaptability, Dependability, Flexibility, Communication, Researching",3,TRUE,London,15/12/2023,26/12/2023,Alpha
643,Taylor Smith,F,32,Mixed,Brazil,Data Analyst,Bachelor,3,"Accounting, Decision Making, Adaptability, Dependability, Time management, Information processing, Communication, Researching",2,TRUE,Bristol,24/03/2023,26/03/2023,Bravo
644,Jamie Johnson,M,39,Native American,USA,Data Analyst,Bachelor,5,"Leadership, Data analysis, Decision Making, Adaptability, Dependability, Time management, Information processing, Communication, Digital Literacy",4,TRUE,London,10/01/2023,26/01/2023,Delta
645,Skyler Harris,M,22,Mixed,UK,Data Analyst,Bachelor,1,"Accounting, Data analysis, Decision Making, Adaptability, Dependability, Flexibility, Communication, Researching",3,TRUE,London,04/05/2023,02/06/2023,Alpha
646,Alex White,F,45,South Asian,India,Data Scientist,Master,2,"Data analysis, Decision Making, Adaptability, Dependability, Flexibility, Communication, Digital Literacy",2,TRUE,London,12/04/2023,07/05/2023,Delta
647,Casey Johnson,M,31,Mixed,Brazil,Data Scientist,Master,0,"Data analysis, Decision Making, Adaptability, Dependability, Flexibility, Communication, Digital Literacy",1,TRUE,Bristol,18/08/2023,23/08/2023,Charlie
648,Alex Thomas,M,37,Asian,China,Associate,Bachelor,1,"Decision Making, Adaptability, Dependability, Flexibility, Communication, Digital Literacy",1,FALSE,London,15/10/2023,06/11/2023,Bravo
649,Quinn Brown,M,38,Pacific Islander,Fiji,Data Analyst,Bachelor,0,"Data analysis, Decision Making, Adaptability, Dependability, Flexibility, Communication, Digital Literacy",1,FALSE,Manchester,20/10/2023,29/10/2023,Delta
650,Alex Jackson,F,56,White,UK,Associate,Bachelor,1,"Decision Making, Adaptability, Dependability, Flexibility, Communication, Digital Literacy",2,TRUE,Manchester,14/10/2023,29/10/2023,Charlie
651,Taylor Anderson,M,51,Hispanic or Latino,Mexico,Creative Technologist,Master,1,"Coding, Graphic design, Data Visualisation, Accounting, Data analysis, Decision Making, Adaptability, Dependability, Flexibility, Communication, Researching",3,TRUE,London,05/02/2023,02/03/2023,Alpha
652,Casey Brown,M,29,Asian,China,Data Scientist,Master,4,"Creative problem solving, Critical thinking, Decision Making, Adaptability, Dependability, Time management, Information processing, Communication, Digital Literacy",4,TRUE,Bristol,11/05/2023,01/06/2023,Delta
653,Taylor Jackson,F,31,Mixed,Brazil,Data Analyst,Bachelor,0,"Data analysis, Decision Making, Adaptability, Dependability, Flexibility, Communication, Digital Literacy",1,FALSE,London,29/09/2023,19/10/2023,Delta
654,Casey Johnson,F,38,Hispanic or Latino,Mexico,Data Scientist,Master,0,"Data analysis, Decision Making, Adaptability, Dependability, Flexibility, Communication, Digital Literacy",1,TRUE,Bristol,20/02/2023,21/03/2023,Charlie
655,Alex Smith,F,39,Other,Unknown,Accountant,Master,1,"Troubleshooting, Accounting, Decision Making, Adaptability, Dependability, Flexibility, Communication, Researching",2,TRUE,Bristol,07/01/2023,22/02/2023,Echo
656,Jamie Johnson,M,49,Other,Unknown,Data Analyst,Bachelor,0,"Data analysis, Decision Making, Adaptability, Dependability, Flexibility, Communication, Digital Literacy",1,FALSE,Bristol,25/08/2023,23/11/2023,Echo
657,Skyler Smith,M,50,Native American,UK,Data Analyst,Bachelor,4,"Accounting, Data analysis, Decision Making, Adaptability, Dependability, Time management, Information processing, Communication, Researching",4,TRUE,London,17/09/2023,11/10/2023,Bravo
658,Avery Johnson,F,48,Southeast Asian,Thailand,Data Scientist,Master,3,"Creative problem solving, Critical thinking, Decision Making, Adaptability, Dependability, Time management, Information processing, Communication, Digital Literacy",3,TRUE,Bristol,09/05/2023,07/06/2023,Alpha
659,Taylor Taylor,F,49,Southeast Asian,Thailand,Data Analyst,Bachelor,4,"Accounting, Decision Making, Adaptability, Dependability, Time management, Information processing, Communication, Researching",3,TRUE,Bristol,14/08/2023,11/11/2023,Echo
660,Taylor Taylor,M,49,Black or African American,Nigeria,Data Analyst,Bachelor,0,"Accounting, Data analysis, Decision Making, Adaptability, Dependability, Flexibility, Communication, Researching",1,TRUE,London,23/12/2023,10/01/2024,Alpha
661,Avery Brown,M,49,Other,Unknown,Data Analyst,Bachelor,6,"Leadership, Accounting, Decision Making, Adaptability, Dependability, Time management, Mentoring, Information processing, Communication, Researching",4,TRUE,London,27/07/2023,12/09/2023,Echo
662,Taylor Harris,M,44,Hispanic or Latino,Mexico,Data Scientist,Master,3,"Troubleshooting, Accounting, Decision Making, Adaptability, Dependability, Time management, Information processing, Communication, Researching",3,TRUE,Birmingham,29/05/2023,19/07/2023,Echo
663,Alex Jackson,M,38,Middle Eastern,Iran,Data Analyst,Bachelor,7,"Leadership, Data analysis, Decision Making, Adaptability, Dependability, Time management, Mentoring, Information processing, Communication, Digital Literacy",5,TRUE,Manchester,12/01/2023,08/02/2023,Delta
664,Morgan Harris,M,56,Asian,UK,Accountant,Bachelor,1,"Accounting, Decision Making, Adaptability, Dependability, Flexibility, Communication, Researching",2,TRUE,Manchester,08/12/2023,27/12/2023,Alpha
665,Alex Smith,M,54,Middle Eastern,UK,Associate,Bachelor,2,"Decision Making, Adaptability, Dependability, Flexibility, Communication, Digital Literacy",2,TRUE,London,25/10/2023,10/11/2023,Alpha
666,Alex Johnson,F,48,Pacific Islander,Fiji,Data Analyst,Bachelor,0,"Data analysis, Decision Making, Adaptability, Dependability, Flexibility, Communication, Digital Literacy",1,FALSE,London,29/11/2023,19/02/2024,Echo
667,Riley Harris,F,40,Southeast Asian,Thailand,Data Analyst,Bachelor,1,"Accounting, Data analysis, Decision Making, Adaptability, Dependability, Flexibility, Communication, Researching",2,TRUE,Bristol,08/05/2023,30/05/2023,Bravo
668,Jordan Thomas,F,38,Pacific Islander,UK,Data Scientist,Master,1,"Data analysis, Decision Making, Adaptability, Dependability, Flexibility, Communication, Digital Literacy",3,TRUE,Birmingham,05/03/2023,31/03/2023,Alpha
669,Morgan Martin,F,33,Mixed,Brazil,Data Analyst,Bachelor,4,"Accounting, Decision Making, Adaptability, Dependability, Time management, Information processing, Communication, Researching",3,TRUE,London,08/07/2023,20/09/2023,Echo
670,Jordan Brown,F,50,Other,UK,Accountant,Bachelor,1,"Accounting, Decision Making, Adaptability, Dependability, Flexibility, Communication, Researching",2,TRUE,London,01/11/2023,26/11/2023,Delta
671,Riley Johnson,F,55,Middle Eastern,Iran,Data Scientist,Master,2,"Data analysis, Decision Making, Adaptability, Dependability, Flexibility, Communication, Digital Literacy",2,TRUE,London,16/01/2023,12/03/2023,Echo
672,Jordan Smith,M,31,Hispanic or Latino,UK,Data Analyst,Bachelor,1,"Accounting, Data analysis, Decision Making, Adaptability, Dependability, Flexibility, Communication, Researching",3,TRUE,Manchester,29/04/2023,26/05/2023,Delta
673,Morgan Taylor,F,51,Native American,UK,Data Analyst,Bachelor,1,"Data analysis, Decision Making, Adaptability, Dependability, Flexibility, Communication, Digital Literacy",2,TRUE,London,29/11/2023,02/12/2023,Bravo
674,Avery Johnson,F,27,Pacific Islander,Fiji,Associate,Bachelor,1,"Decision Making, Adaptability, Dependability, Flexibility, Communication, Digital Literacy",1,FALSE,London,08/07/2023,10/07/2023,Alpha
675,Skyler White,F,42,Other,Unknown,Creative Technologist,Master,0,"Coding, Graphic design, Data Visualisation, Accounting, Data analysis, Decision Making, Adaptability, Dependability, Flexibility, Communication, Researching",3,TRUE,Bristol,19/10/2023,21/10/2023,Alpha
676,Casey Smith,M,30,Central Asian,Kazakhstan,Data Analyst,Bachelor,1,"Accounting, Data analysis, Decision Making, Adaptability, Dependability, Flexibility, Communication, Researching",2,TRUE,Glasgow,26/10/2023,23/12/2023,Echo
677,Casey Jackson,M,29,Native American,USA,Data Analyst,Bachelor,0,"Data analysis, Decision Making, Adaptability, Dependability, Flexibility, Communication, Digital Literacy",1,FALSE,Manchester,15/12/2023,22/12/2023,Bravo
678,Taylor Jackson,M,39,East Asian,South Korea,Research Analyst,High School,1,"Decision Making, Adaptability, Dependability, Flexibility, Communication, Researching",0,FALSE,Bristol,28/09/2023,23/10/2023,Charlie
679,Skyler Jackson,M,54,Asian,China,Data Analyst,Bachelor,0,"Data analysis, Decision Making, Adaptability, Dependability, Flexibility, Communication, Digital Literacy",1,FALSE,Bristol,31/08/2023,23/10/2023,Echo
680,Taylor Harris,M,39,Asian,China,Research Analyst,High School,1,"Decision Making, Adaptability, Dependability, Flexibility, Communication, Researching",0,FALSE,Manchester,18/01/2023,17/04/2023,Echo
681,Jordan Smith,F,47,Other,Unknown,Data Analyst,Bachelor,1,"Data analysis, Decision Making, Adaptability, Dependability, Flexibility, Communication, Digital Literacy",1,TRUE,London,13/12/2023,23/02/2024,Echo
682,Taylor Jackson,F,35,White,Germany,Creative Technologist,Master,1,"Coding, Graphic design, Data Visualisation, Accounting, Data analysis, Decision Making, Adaptability, Dependability, Flexibility, Communication, Researching",3,TRUE,Bristol,25/07/2023,09/08/2023,Alpha
683,Riley Brown,M,45,Black or African American,UK,Data Scientist,Master,1,"Data analysis, Decision Making, Adaptability, Dependability, Flexibility, Communication, Digital Literacy",3,TRUE,Bristol,12/11/2023,12/12/2023,Delta
684,Quinn Jackson,F,46,Pacific Islander,Fiji,Data Analyst,Bachelor,1,"Data analysis, Decision Making, Adaptability, Dependability, Flexibility, Communication, Digital Literacy",1,TRUE,London,10/11/2023,11/11/2023,Charlie
685,Skyler Harris,M,41,East Asian,South Korea,Research Analyst,High School,2,"Decision Making, Adaptability, Dependability, Flexibility, Communication, Researching",1,FALSE,Bristol,03/06/2023,24/06/2023,Alpha
686,Jordan White,F,41,Central Asian,UK,Data Scientist,Master,2,"Data analysis, Decision Making, Adaptability, Dependability, Flexibility, Communication, Digital Literacy",3,TRUE,Bristol,18/02/2023,20/03/2023,Alpha
687,Quinn Martin,M,36,Middle Eastern,Iran,Data Analyst,Bachelor,2,"Data analysis, Decision Making, Adaptability, Dependability, Flexibility, Communication, Digital Literacy",2,TRUE,Bristol,02/09/2023,04/09/2023,Bravo
688,Avery White,F,26,East Asian,South Korea,Data Analyst,Bachelor,0,"Accounting, Data analysis, Decision Making, Adaptability, Dependability, Flexibility, Communication, Researching",1,TRUE,Glasgow,05/11/2023,29/11/2023,Delta
689,Avery Thomas,F,38,Southeast Asian,Thailand,Associate,Bachelor,2,"Decision Making, Adaptability, Dependability, Flexibility, Communication, Digital Literacy",1,TRUE,London,28/08/2023,22/09/2023,Bravo
690,Quinn White,F,21,White,UK,Research Analyst,Master,2,"Creative problem solving, Critical thinking, Decision Making, Adaptability, Dependability, Flexibility, Communication, Digital Literacy",4,TRUE,Glasgow,12/05/2023,23/05/2023,Alpha
691,Casey Harris,M,37,South Asian,India,Research Analyst,High School,1,"Decision Making, Adaptability, Dependability, Flexibility, Communication, Researching",0,FALSE,Bristol,29/04/2023,05/05/2023,Bravo
692,Morgan Johnson,M,29,Middle Eastern,Iran,Accountant,Master,1,"Troubleshooting, Accounting, Decision Making, Adaptability, Dependability, Flexibility, Communication, Researching",2,TRUE,Glasgow,21/02/2023,24/02/2023,Delta
693,Morgan Taylor,F,44,Pacific Islander,Fiji,Data Analyst,Bachelor,8,"Leadership, Data analysis, Decision Making, Adaptability, Dependability, Time management, Mentoring, Information processing, Stakeholder engagement, Digital Literacy",5,TRUE,Bristol,03/11/2023,08/11/2023,Bravo
694,Skyler Anderson,F,43,Hispanic or Latino,UK,Data Analyst,Bachelor,3,"Data analysis, Decision Making, Adaptability, Dependability, Time management, Information processing, Communication, Digital Literacy",4,TRUE,Glasgow,19/09/2023,06/10/2023,Delta
695,Quinn White,F,25,Native American,USA,Research Analyst,Master,1,"Creative problem solving, Critical thinking, Decision Making, Adaptability, Dependability, Flexibility, Communication, Digital Literacy",2,TRUE,London,28/05/2023,21/06/2023,Charlie
696,Alex Thomas,F,31,Black or African American,Nigeria,Data Analyst,Bachelor,3,"Decision Making, Adaptability, Dependability, Time management, Information processing, Communication, Digital Literacy",2,TRUE,Glasgow,18/04/2023,05/05/2023,Charlie
697,Taylor Harris,F,39,Other,Unknown,Data Scientist,Master,0,"Data analysis, Decision Making, Adaptability, Dependability, Flexibility, Communication, Digital Literacy",1,TRUE,Manchester,24/02/2023,11/03/2023,Alpha
698,Taylor Smith,M,36,Southeast Asian,UK,Data Analyst,Bachelor,3,"Decision Making, Adaptability, Dependability, Time management, Information processing, Communication, Digital Literacy",3,TRUE,London,29/12/2023,24/01/2024,Charlie
699,Morgan Brown,F,45,Mixed,Brazil,Data Analyst,Bachelor,1,"Data analysis, Decision Making, Adaptability, Dependability, Flexibility, Communication, Digital Literacy",1,TRUE,Manchester,11/08/2023,02/09/2023,Charlie
700,Avery Brown,M,36,Native American,UK,Data Analyst,Bachelor,7,"Leadership, Accounting, Data analysis, Decision Making, Adaptability, Dependability, Time management, Mentoring, Information processing, Communication, Researching",6,TRUE,London,08/07/2023,23/07/2023,Bravo
701,Avery Jackson,M,49,Middle Eastern,UK,Data Analyst,Bachelor,1,"Accounting, Data analysis, Decision Making, Adaptability, Dependability, Flexibility, Communication, Researching",3,TRUE,London,21/06/2023,25/06/2023,Bravo
702,Jordan Johnson,F,34,Black or African American,Nigeria,Associate,Bachelor,1,"Decision Making, Adaptability, Dependability, Flexibility, Communication, Digital Literacy",1,FALSE,London,24/03/2023,31/05/2023,Echo
703,Casey Smith,M,32,Native American,USA,Research Analyst,PhD,1,"Creative problem solving, Critical thinking, Decision Making, Adaptability, Dependability, Flexibility, Communication, Digital Literacy",2,TRUE,London,27/08/2023,11/09/2023,Bravo
704,Riley Martin,F,33,Pacific Islander,Fiji,Accountant,Bachelor,0,"Accounting, Decision Making, Adaptability, Dependability, Flexibility, Communication, Researching",1,FALSE,Glasgow,02/10/2023,15/10/2023,Bravo
705,Riley Brown,F,32,Pacific Islander,UK,Creative Technologist,Master,3,"Coding, Graphic design, Data Visualisation, Accounting, Data analysis, Decision Making, Adaptability, Dependability, Time management, Information processing, Communication, Researching",6,TRUE,London,17/12/2023,21/02/2024,Echo
706,Jordan Smith,F,34,Pacific Islander,Fiji,Data Scientist,Master,6,"Leadership, Data analysis, Decision Making, Adaptability, Dependability, Time management, Mentoring, Information processing, Communication, Digital Literacy",5,TRUE,London,29/11/2023,23/02/2024,Echo
707,Riley Anderson,M,42,White,Germany,Associate,Bachelor,0,"Decision Making, Adaptability, Dependability, Flexibility, Communication, Digital Literacy",0,FALSE,Bristol,20/01/2023,01/02/2023,Charlie
708,Alex Thomas,F,45,Mixed,UK,Data Scientist,Master,3,"Troubleshooting, Accounting, Decision Making, Adaptability, Dependability, Time management, Information processing, Communication, Researching",4,TRUE,Bristol,11/06/2023,29/06/2023,Bravo
709,Riley Anderson,M,45,Mixed,Brazil,Data Analyst,Bachelor,7,"Leadership, Accounting, Data analysis, Decision Making, Adaptability, Dependability, Time management, Mentoring, Information processing, Communication, Researching",5,TRUE,London,25/07/2023,02/10/2023,Echo
710,Casey Harris,M,54,Middle Eastern,Iran,Creative Technologist,PhD,1,"Coding, Graphic design, Data Visualisation, Accounting, Data analysis, Decision Making, Adaptability, Dependability, Flexibility, Communication, Researching",4,TRUE,Manchester,09/12/2023,22/12/2023,Delta
711,Casey Thomas,F,30,Middle Eastern,Iran,Associate,Bachelor,0,"Decision Making, Adaptability, Dependability, Flexibility, Communication, Digital Literacy",0,FALSE,Birmingham,14/09/2023,22/09/2023,Charlie
712,Jordan Johnson,M,39,Other,Unknown,Data Analyst,Bachelor,8,"Leadership, Accounting, Data analysis, Decision Making, Adaptability, Dependability, Time management, Mentoring, Information processing, Stakeholder engagement, Researching",6,TRUE,London,17/01/2023,14/02/2023,Charlie
713,Jamie Jackson,F,53,White,UK,Data Analyst,Bachelor,5,"Leadership, Decision Making, Adaptability, Dependability, Time management, Information processing, Communication, Digital Literacy",4,TRUE,London,02/03/2023,06/03/2023,Delta
714,Skyler Harris,M,24,East Asian,South Korea,Research Analyst,High School,1,"Decision Making, Adaptability, Dependability, Flexibility, Communication, Researching",0,FALSE,London,12/11/2023,23/11/2023,Bravo
715,Jamie Smith,M,35,Middle Eastern,Iran,Creative Technologist,Master,0,"Coding, Graphic design, Data Visualisation, Accounting, Data analysis, Decision Making, Adaptability, Dependability, Flexibility, Communication, Researching",3,TRUE,Bristol,24/10/2023,07/11/2023,Charlie
716,Riley Anderson,F,28,Mixed,UK,Creative Technologist,Master,0,"Coding, Graphic design, Data Visualisation, Accounting, Data analysis, Decision Making, Adaptability, Dependability, Flexibility, Communication, Researching",4,TRUE,Glasgow,30/07/2023,19/10/2023,Echo
717,Alex Johnson,F,23,East Asian,UK,Data Scientist,Master,1,"Data analysis, Decision Making, Adaptability, Dependability, Flexibility, Communication, Digital Literacy",3,TRUE,London,14/01/2023,24/01/2023,Bravo
718,Alex White,M,49,Native American,UK,Accountant,Bachelor,1,"Accounting, Decision Making, Adaptability, Dependability, Flexibility, Communication, Researching",2,TRUE,Glasgow,04/04/2023,27/04/2023,Charlie
719,Jordan Smith,M,39,South Asian,India,Data Analyst,Bachelor,1,"Accounting, Data analysis, Decision Making, Adaptability, Dependability, Flexibility, Communication, Researching",2,TRUE,Glasgow,07/04/2023,18/04/2023,Delta
720,Alex White,F,37,Central Asian,UK,Data Analyst,Bachelor,5,"Leadership, Accounting, Decision Making, Adaptability, Dependability, Time management, Information processing, Communication, Researching",5,TRUE,Bristol,12/01/2023,04/02/2023,Charlie
721,Taylor Brown,F,43,Native American,UK,Data Scientist,Master,3,"Creative problem solving, Critical thinking, Decision Making, Adaptability, Dependability, Time management, Information processing, Communication, Digital Literacy",4,TRUE,London,11/06/2023,24/08/2023,Echo
722,Taylor Brown,M,48,Asian,China,Research Analyst,High School,2,"Decision Making, Adaptability, Dependability, Flexibility, Communication, Researching",1,FALSE,Birmingham,14/12/2023,25/12/2023,Charlie
723,Taylor Taylor,F,22,Southeast Asian,Thailand,Associate,Bachelor,2,"Decision Making, Adaptability, Dependability, Flexibility, Communication, Digital Literacy",1,TRUE,Bristol,08/01/2023,17/01/2023,Charlie
724,Jamie Jackson,M,47,East Asian,South Korea,Accountant,Bachelor,1,"Accounting, Decision Making, Adaptability, Dependability, Flexibility, Communication, Researching",1,TRUE,Manchester,24/11/2023,17/02/2024,Echo
725,Taylor Harris,F,42,White,Germany,Data Analyst,Bachelor,1,"Data analysis, Decision Making, Adaptability, Dependability, Flexibility, Communication, Digital Literacy",1,TRUE,Glasgow,10/08/2023,01/09/2023,Charlie
726,Quinn Martin,F,54,Pacific Islander,UK,Accountant,Master,0,"Troubleshooting, Accounting, Decision Making, Adaptability, Dependability, Flexibility, Communication, Researching",3,TRUE,Birmingham,04/07/2023,28/09/2023,Echo
727,Avery Martin,F,31,White,UK,Research Analyst,High School,2,"Decision Making, Adaptability, Dependability, Flexibility, Communication, Researching",2,TRUE,London,07/05/2023,10/07/2023,Echo
728,Casey Harris,F,26,Pacific Islander,UK,Research Analyst,High School,0,"Decision Making, Adaptability, Dependability, Flexibility, Communication, Researching",1,TRUE,London,02/10/2023,29/10/2023,C
729,Riley Smith,M,42,Mixed,Brazil,Associate,Bachelor,2,"Decision Making, Adaptability, Dependability, Flexibility, Communication, Digital Literacy",1,TRUE,Bristol,13/06/2023,11/07/2023,Delta
730,Casey Brown,F,35,Native American,UK,Data Analyst,Bachelor,4,"Decision Making, Adaptability, Dependability, Time management, Information processing, Communication, Digital Literacy",4,TRUE,Glasgow,10/08/2023,18/08/2023,Alpha
731,Skyler Taylor,M,38,Other,Unknown,Data Scientist,Master,3,"Creative problem solving, Critical thinking, Decision Making, Adaptability, Dependability, Time management, Information processing, Communication, Digital Literacy",3,TRUE,Bristol,03/01/2023,08/01/2023,Delta
732,Quinn Brown,M,44,Pacific Islander,UK,Data Analyst,Bachelor,0,"Data analysis, Decision Making, Adaptability, Dependability, Flexibility, Communication, Digital Literacy",2,TRUE,Manchester,20/04/2023,07/07/2023,Echo
733,Avery Brown,M,54,Black or African American,Nigeria,Accountant,Master,2,"Troubleshooting, Accounting, Decision Making, Adaptability, Dependability, Flexibility, Communication, Researching",2,TRUE,Manchester,10/01/2023,27/02/2023,Echo
734,Quinn Brown,M,33,East Asian,South Korea,Data Analyst,Bachelor,7,"Leadership, Decision Making, Adaptability, Dependability, Time management, Mentoring, Information processing, Communication, Digital Literacy",4,TRUE,Glasgow,20/06/2023,11/07/2023,Alpha
735,Jamie Harris,M,41,Native American,USA,Data Analyst,Bachelor,1,"Data analysis, Decision Making, Adaptability, Dependability, Flexibility, Communication, Digital Literacy",1,TRUE,Manchester,16/06/2023,06/08/2023,Echo
736,Taylor Thomas,F,48,Other,Unknown,Research Analyst,Master,1,"Creative problem solving, Critical thinking, Decision Making, Adaptability, Dependability, Flexibility, Communication, Digital Literacy",2,TRUE,Glasgow,31/10/2023,04/11/2023,Alpha
737,Skyler Johnson,M,31,White,Germany,Associate,Bachelor,0,"Decision Making, Adaptability, Dependability, Flexibility, Communication, Digital Literacy",0,FALSE,London,27/01/2023,22/03/2023,Echo
738,Riley Smith,F,34,Other,UK,Data Scientist,PhD,0,"Data analysis, Decision Making, Adaptability, Dependability, Flexibility, Communication, Digital Literacy",3,TRUE,Birmingham,27/12/2023,24/03/2024,Echo
739,Morgan Smith,M,30,Pacific Islander,UK,Accountant,Bachelor,1,"Accounting, Decision Making, Adaptability, Dependability, Flexibility, Communication, Researching",2,TRUE,Manchester,31/05/2023,22/07/2023,Echo
740,Morgan White,F,36,Pacific Islander,Fiji,Creative Technologist,Master,1,"Coding, Graphic design, Data Visualisation, Accounting, Data analysis, Decision Making, Adaptability, Dependability, Flexibility, Communication, Researching",3,TRUE,Birmingham,02/06/2023,12/06/2023,Charlie
741,Taylor Taylor,F,38,White,UK,Data Analyst,Bachelor,3,"Decision Making, Adaptability, Dependability, Time management, Information processing, Communication, Digital Literacy",3,TRUE,Bristol,21/11/2023,20/12/2023,Charlie
742,Jordan Johnson,M,53,East Asian,UK,Data Analyst,Bachelor,3,"Accounting, Data analysis, Decision Making, Adaptability, Dependability, Time management, Information processing, Communication, Researching",4,TRUE,Manchester,19/02/2023,18/03/2023,Alpha
743,Riley Martin,F,65,East Asian,South Korea,Data Scientist,Master,6,"Leadership, Data analysis, Decision Making, Adaptability, Dependability, Time management, Mentoring, Information processing, Communication, Digital Literacy",5,TRUE,London,21/11/2023,10/12/2023,Alpha
744,Morgan Brown,F,31,Mixed,Brazil,Accountant,Bachelor,0,"Accounting, Decision Making, Adaptability, Dependability, Flexibility, Communication, Researching",1,FALSE,Birmingham,15/11/2023,31/01/2024,Echo
745,Morgan Johnson,F,32,Hispanic or Latino,Mexico,Research Analyst,Master,0,"Creative problem solving, Critical thinking, Decision Making, Adaptability, Dependability, Flexibility, Communication, Digital Literacy",2,TRUE,Manchester,12/06/2023,22/06/2023,Alpha
746,Morgan White,F,20,Middle Eastern,UK,Accountant,Master,0,"Troubleshooting, Accounting, Decision Making, Adaptability, Dependability, Flexibility, Communication, Researching",3,TRUE,Glasgow,21/07/2023,16/08/2023,Alpha
747,Jordan Jackson,F,56,Hispanic or Latino,Mexico,Data Analyst,Bachelor,4,"Accounting, Decision Making, Adaptability, Dependability, Time management, Information processing, Communication, Researching",3,TRUE,London,01/01/2023,07/01/2023,Alpha
748,Morgan Martin,M,23,Hispanic or Latino,Mexico,Associate,Bachelor,2,"Decision Making, Adaptability, Dependability, Flexibility, Communication, Digital Literacy",1,TRUE,Bristol,02/05/2023,29/07/2023,Echo
749,Avery Anderson,M,18,Other,Unknown,Research Analyst,High School,2,"Decision Making, Adaptability, Dependability, Flexibility, Communication, Researching",1,FALSE,London,28/04/2023,07/05/2023,Bravo
750,Avery White,M,32,South Asian,India,Associate,Bachelor,0,"Decision Making, Adaptability, Dependability, Flexibility, Communication, Digital Literacy",0,FALSE,London,27/01/2023,09/04/2023,Echo
751,Skyler Anderson,M,28,Asian,China,Accountant,Master,1,"Troubleshooting, Accounting, Decision Making, Adaptability, Dependability, Flexibility, Communication, Researching",2,TRUE,London,23/02/2023,11/04/2023,Echo
752,Casey White,F,49,Central Asian,UK,Accountant,Master,0,"Troubleshooting, Accounting, Decision Making, Adaptability, Dependability, Flexibility, Communication, Researching",3,TRUE,London,06/02/2023,03/03/2023,Alpha
753,Riley Jackson,F,30,East Asian,South Korea,Research Analyst,High School,1,"Decision Making, Adaptability, Dependability, Flexibility, Communication, Researching",0,FALSE,Bristol,28/11/2023,18/12/2023,Delta
754,Quinn Smith,M,42,White,UK,Data Scientist,PhD,6,"Leadership, Creative problem solving, Critical thinking, Decision Making, Adaptability, Dependability, Time management, Mentoring, Information processing, Communication, Digital Literacy",7,TRUE,Glasgow,09/05/2023,21/05/2023,Alpha
755,Jamie White,F,60,South Asian,India,Creative Technologist,Master,1,"Coding, Graphic design, Data Visualisation, Accounting, Data analysis, Decision Making, Adaptability, Dependability, Flexibility, Communication, Researching",3,TRUE,Bristol,10/08/2023,04/09/2023,Alpha
756,Jamie Harris,F,60,Mixed,Brazil,Creative Technologist,Master,1,"Coding, Graphic design, Data Visualisation, Accounting, Data analysis, Decision Making, Adaptability, Dependability, Flexibility, Communication, Researching",3,TRUE,Bristol,27/11/2023,20/12/2023,Bravo
757,Taylor Anderson,M,56,South Asian,India,Data Analyst,High School,7,"Leadership, Decision Making, Adaptability, Dependability, Time management, Mentoring, Information processing, Communication, Researching",4,TRUE,Manchester,05/04/2023,19/04/2023,Delta
758,Morgan Harris,M,34,Middle Eastern,Iran,Research Analyst,High School,2,"Decision Making, Adaptability, Dependability, Flexibility, Communication, Researching",1,FALSE,London,13/11/2023,21/11/2023,Delta
759,Avery Martin,F,46,Asian,China,Creative Technologist,Master,0,"Coding, Graphic design, Data Visualisation, Accounting, Data analysis, Decision Making, Adaptability, Dependability, Flexibility, Communication, Researching",3,TRUE,Manchester,13/11/2023,09/12/2023,Alpha
760,Avery Harris,F,33,Pacific Islander,UK,Accountant,Bachelor,0,"Accounting, Decision Making, Adaptability, Dependability, Flexibility, Communication, Researching",2,TRUE,London,14/10/2023,02/11/2023,Delta
761,Casey Jackson,F,39,Asian,UK,Accountant,Bachelor,0,"Accounting, Decision Making, Adaptability, Dependability, Flexibility, Communication, Researching",2,TRUE,Glasgow,01/01/2023,31/03/2023,Echo
762,Jamie Jackson,M,47,South Asian,India,Data Analyst,Bachelor,1,"Accounting, Data analysis, Decision Making, Adaptability, Dependability, Flexibility, Communication, Researching",2,TRUE,Manchester,28/06/2023,08/09/2023,Echo
763,Riley Taylor,F,41,White,Germany,Accountant,Master,1,"Troubleshooting, Accounting, Decision Making, Adaptability, Dependability, Flexibility, Communication, Researching",2,TRUE,London,20/02/2023,06/03/2023,Alpha
764,Taylor Brown,M,52,White,UK,Accountant,Bachelor,0,"Accounting, Decision Making, Adaptability, Dependability, Flexibility, Communication, Researching",2,TRUE,Manchester,05/06/2023,16/06/2023,Delta
765,Skyler Brown,F,50,Black or African American,Nigeria,Data Scientist,Master,2,"Data analysis, Decision Making, Adaptability, Dependability, Flexibility, Communication, Digital Literacy",2,TRUE,London,22/01/2023,08/03/2023,Echo
766,Jamie Taylor,M,18,Native American,UK,Data Analyst,Bachelor,0,"Data analysis, Decision Making, Adaptability, Dependability, Flexibility, Communication, Digital Literacy",2,TRUE,Bristol,16/06/2023,10/08/2023,Echo
767,Taylor Harris,F,36,South Asian,India,Data Analyst,Bachelor,3,"Data analysis, Decision Making, Adaptability, Dependability, Time management, Information processing, Communication, Digital Literacy",2,TRUE,London,22/02/2023,23/02/2023,Charlie
768,Alex Johnson,F,40,East Asian,UK,Data Analyst,Bachelor,3,"Decision Making, Adaptability, Dependability, Time management, Information processing, Communication, Digital Literacy",3,TRUE,London,14/02/2023,07/03/2023,Delta
769,Alex Anderson,F,33,South Asian,UK,Associate,Bachelor,0,"Decision Making, Adaptability, Dependability, Flexibility, Communication, Digital Literacy",2,TRUE,Manchester,09/10/2023,20/10/2023,Bravo
770,Jamie Anderson,M,38,Southeast Asian,UK,Accountant,Bachelor,2,"Accounting, Decision Making, Adaptability, Dependability, Flexibility, Communication, Researching",3,TRUE,London,12/02/2023,18/02/2023,Alpha
771,Alex Anderson,F,35,White,Germany,Accountant,Master,0,"Troubleshooting, Accounting, Decision Making, Adaptability, Dependability, Flexibility, Communication, Researching",2,TRUE,Glasgow,22/04/2023,18/05/2023,Bravo
772,Riley Jackson,M,56,Central Asian,Kazakhstan,Research Analyst,Master,2,"Creative problem solving, Critical thinking, Decision Making, Adaptability, Dependability, Flexibility, Communication, Digital Literacy",2,TRUE,Manchester,28/09/2023,05/10/2023,Delta
773,Skyler Thomas,M,22,Central Asian,UK,Accountant,Master,0,"Troubleshooting, Accounting, Decision Making, Adaptability, Dependability, Flexibility, Communication, Researching",3,TRUE,Birmingham,18/02/2023,16/05/2023,Echo
774,Jamie Taylor,F,35,Hispanic or Latino,Mexico,Data Analyst,Bachelor,1,"Data analysis, Decision Making, Adaptability, Dependability, Flexibility, Communication, Digital Literacy",1,TRUE,Manchester,26/04/2023,15/06/2023,Echo
775,Casey Johnson,M,29,Middle Eastern,Iran,Data Analyst,Bachelor,0,"Data analysis, Decision Making, Adaptability, Dependability, Flexibility, Communication, Digital Literacy",1,FALSE,Glasgow,15/10/2023,13/11/2023,Bravo
776,Riley Brown,M,40,Native American,USA,Accountant,Bachelor,2,"Accounting, Decision Making, Adaptability, Dependability, Flexibility, Communication, Researching",2,TRUE,London,30/09/2023,30/10/2023,Delta
777,Casey Harris,M,51,Middle Eastern,Iran,Data Analyst,Bachelor,3,"Decision Making, Adaptability, Dependability, Time management, Information processing, Communication, Digital Literacy",2,TRUE,Glasgow,10/08/2023,04/09/2023,Alpha
778,Jamie Smith,F,39,White,UK,Associate,Bachelor,0,"Decision Making, Adaptability, Dependability, Flexibility, Communication, Digital Literacy",2,TRUE,Manchester,11/11/2023,30/11/2023,Bravo
779,Casey Martin,F,29,Other,UK,Data Analyst,Bachelor,1,"Accounting, Data analysis, Decision Making, Adaptability, Dependability, Flexibility, Communication, Researching",3,TRUE,London,18/05/2023,09/06/2023,Alpha
780,Morgan White,F,33,Asian,UK,Data Scientist,Master,1,"Data analysis, Decision Making, Adaptability, Dependability, Flexibility, Communication, Digital Literacy",3,TRUE,Bristol,10/04/2023,19/04/2023,Bravo
781,Riley Thomas,F,55,Black or African American,Nigeria,Associate,Bachelor,1,"Decision Making, Adaptability, Dependability, Flexibility, Communication, Digital Literacy",1,FALSE,London,12/12/2023,19/12/2023,Bravo
782,Morgan Jackson,M,41,Mixed,UK,Accountant,Bachelor,1,"Accounting, Decision Making, Adaptability, Dependability, Flexibility, Communication, Researching",2,TRUE,London,12/07/2023,17/07/2023,Delta
783,Jamie Smith,F,52,Other,Unknown,Associate,Bachelor,0,"Decision Making, Adaptability, Dependability, Flexibility, Communication, Digital Literacy",0,FALSE,London,06/02/2023,04/03/2023,Bravo
784,Alex Taylor,M,30,Southeast Asian,Thailand,Creative Technologist,Master,2,"Coding, Graphic design, Data Visualisation, Accounting, Data analysis, Decision Making, Adaptability, Dependability, Flexibility, Communication, Researching",4,TRUE,Manchester,17/08/2023,13/11/2023,Echo
785,Casey Harris,F,41,White,Germany,Research Analyst,High School,2,"Decision Making, Adaptability, Dependability, Flexibility, Communication, Researching",1,FALSE,Glasgow,27/08/2023,02/09/2023,Alpha
786,Skyler Anderson,F,58,East Asian,South Korea,Research Analyst,High School,2,"Decision Making, Adaptability, Dependability, Flexibility, Communication, Researching",1,FALSE,Bristol,24/10/2023,17/11/2023,Alpha
787,Jamie Taylor,M,44,Pacific Islander,Fiji,Research Analyst,Master,2,"Creative problem solving, Critical thinking, Decision Making, Adaptability, Dependability, Flexibility, Communication, Digital Literacy",2,TRUE,London,03/02/2023,03/03/2023,Bravo
788,Alex Anderson,F,20,South Asian,India,Associate,Bachelor,1,"Decision Making, Adaptability, Dependability, Flexibility, Communication, Digital Literacy",1,FALSE,Manchester,02/04/2023,07/04/2023,Delta
789,Avery Martin,F,27,Hispanic or Latino,Mexico,Data Analyst,Bachelor,0,"Accounting, Data analysis, Decision Making, Adaptability, Dependability, Flexibility, Communication, Researching",1,TRUE,Bristol,19/12/2023,18/01/2024,Charlie
790,Alex Taylor,F,31,Hispanic or Latino,Mexico,Data Analyst,Bachelor,1,"Data analysis, Decision Making, Adaptability, Dependability, Flexibility, Communication, Digital Literacy",1,TRUE,London,19/07/2023,18/09/2023,Echo
791,Avery Smith,M,40,White,UK,Data Analyst,Bachelor,3,"Accounting, Data analysis, Decision Making, Adaptability, Dependability, Time management, Information processing, Communication, Researching",4,TRUE,Birmingham,02/03/2023,22/03/2023,Delta
792,Jamie Taylor,F,31,Native American,USA,Data Analyst,Bachelor,0,"Data analysis, Decision Making, Adaptability, Dependability, Flexibility, Communication, Digital Literacy",1,FALSE,Glasgow,05/11/2023,28/11/2023,Charlie
793,Avery Anderson,M,36,South Asian,India,Creative Technologist,Master,2,"Coding, Graphic design, Data Visualisation, Accounting, Data analysis, Decision Making, Adaptability, Dependability, Flexibility, Communication, Researching",4,TRUE,Glasgow,28/11/2023,17/12/2023,Delta
794,Casey Brown,M,65,Pacific Islander,Fiji,Accountant,Bachelor,1,"Accounting, Decision Making, Adaptability, Dependability, Flexibility, Communication, Researching",1,TRUE,Birmingham,23/01/2023,17/02/2023,Alpha
795,Casey Anderson,M,35,White,UK,Accountant,Bachelor,2,"Accounting, Decision Making, Adaptability, Dependability, Flexibility, Communication, Researching",3,TRUE,Birmingham,03/07/2023,21/07/2023,Delta
796,Casey Brown,M,48,Black or African American,Nigeria,Data Analyst,Bachelor,1,"Accounting, Data analysis, Decision Making, Adaptability, Dependability, Flexibility, Communication, Researching",2,TRUE,Bristol,20/03/2023,07/06/2023,Echo
797,Avery Taylor,F,35,South Asian,India,Data Analyst,Bachelor,1,"Accounting, Data analysis, Decision Making, Adaptability, Dependability, Flexibility, Communication, Researching",2,TRUE,London,05/02/2023,06/02/2023,Bravo
798,Jordan Taylor,F,55,White,Germany,Research Analyst,High School,2,"Decision Making, Adaptability, Dependability, Flexibility, Communication, Researching",1,FALSE,Bristol,02/11/2023,05/11/2023,Bravo
799,Taylor Johnson,M,43,Central Asian,Kazakhstan,Research Analyst,High School,1,"Decision Making, Adaptability, Dependability, Flexibility, Communication, Researching",0,FALSE,London,03/08/2023,13/08/2023,Delta
800,Alex Taylor,F,28,Other,Unknown,Data Scientist,Master,1,"Data analysis, Decision Making, Adaptability, Dependability, Flexibility, Communication, Digital Literacy",2,TRUE,London,09/05/2023,16/05/2023,Bravo
801,Taylor Smith,M,33,East Asian,South Korea,Associate,Bachelor,0,"Decision Making, Adaptability, Dependability, Flexibility, Communication, Digital Literacy",0,FALSE,London,11/10/2023,14/10/2023,Charlie
802,Casey Thomas,M,52,East Asian,South Korea,Accountant,Bachelor,1,"Accounting, Decision Making, Adaptability, Dependability, Flexibility, Communication, Researching",1,TRUE,London,17/12/2023,10/01/2024,Delta
803,Riley Thomas,M,37,Central Asian,Kazakhstan,Accountant,Master,0,"Troubleshooting, Accounting, Decision Making, Adaptability, Dependability, Flexibility, Communication, Researching",2,TRUE,Manchester,03/01/2023,23/01/2023,Bravo
804,Casey White,F,39,Southeast Asian,Thailand,Data Analyst,Bachelor,2,"Accounting, Data analysis, Decision Making, Adaptability, Dependability, Flexibility, Communication, Researching",2,TRUE,Bristol,26/02/2023,25/03/2023,Charlie
805,Alex Thomas,M,40,South Asian,UK,Data Analyst,Bachelor,5,"Leadership, Decision Making, Adaptability, Dependability, Time management, Information processing, Communication, Digital Literacy",4,TRUE,London,14/04/2023,02/05/2023,Bravo
806,Avery Anderson,F,32,Southeast Asian,Thailand,Accountant,Bachelor,1,"Accounting, Decision Making, Adaptability, Dependability, Flexibility, Communication, Researching",1,TRUE,London,28/09/2023,07/12/2023,Echo
807,Taylor Brown,M,28,Pacific Islander,Fiji,Accountant,Master,1,"Troubleshooting, Accounting, Decision Making, Adaptability, Dependability, Flexibility, Communication, Researching",2,TRUE,Bristol,19/03/2023,24/03/2023,Delta
808,Riley Smith,F,44,East Asian,South Korea,Data Analyst,Bachelor,2,"Accounting, Data analysis, Decision Making, Adaptability, Dependability, Flexibility, Communication, Researching",2,TRUE,London,18/04/2023,07/05/2023,Bravo
809,Jamie Smith,M,38,Other,Unknown,Accountant,Bachelor,2,"Accounting, Decision Making, Adaptability, Dependability, Flexibility, Communication, Researching",2,TRUE,Bristol,03/03/2023,16/03/2023,Charlie
810,Jamie Martin,F,27,Southeast Asian,Thailand,Data Scientist,Master,3,"Troubleshooting, Accounting, Decision Making, Adaptability, Dependability, Time management, Information processing, Communication, Researching",3,TRUE,London,28/08/2023,09/09/2023,Charlie
811,Riley Smith,F,38,Hispanic or Latino,UK,Creative Technologist,Master,6,"Leadership, Coding, Graphic design, Data Visualisation, Accounting, Data analysis, Decision Making, Adaptability, Dependability, Time management, Mentoring, Information processing, Communication, Researching",8,TRUE,Bristol,02/09/2023,01/10/2023,Alpha
812,Jordan White,M,38,Native American,USA,Data Analyst,Bachelor,1,"Data analysis, Decision Making, Adaptability, Dependability, Flexibility, Communication, Digital Literacy",1,TRUE,London,02/06/2023,27/06/2023,Alpha
813,Riley Taylor,M,32,East Asian,UK,Research Analyst,High School,1,"Decision Making, Adaptability, Dependability, Flexibility, Communication, Researching",2,TRUE,Birmingham,11/04/2023,22/04/2023,Charlie
814,Morgan Martin,F,25,Mixed,Brazil,Creative Technologist,PhD,2,"Coding, Graphic design, Data Visualisation, Accounting, Data analysis, Decision Making, Adaptability, Dependability, Flexibility, Communication, Researching",4,TRUE,London,28/01/2023,11/02/2023,Charlie
815,Quinn Thomas,M,48,South Asian,India,Data Analyst,Bachelor,3,"Data analysis, Decision Making, Adaptability, Dependability, Time management, Information processing, Communication, Digital Literacy",2,TRUE,London,03/03/2023,29/03/2023,Charlie
816,Taylor Brown,F,35,Hispanic or Latino,UK,Data Analyst,High School,5,"Leadership, Decision Making, Adaptability, Dependability, Time management, Information processing, Communication, Researching",4,TRUE,Manchester,29/05/2023,05/06/2023,Alpha
817,Casey Anderson,F,35,Mixed,Brazil,Research Analyst,Master,0,"Creative problem solving, Critical thinking, Decision Making, Adaptability, Dependability, Flexibility, Communication, Digital Literacy",2,TRUE,Bristol,28/04/2023,16/05/2023,Delta
818,Jamie Taylor,M,42,Asian,China,Data Analyst,Bachelor,5,"Leadership, Accounting, Data analysis, Decision Making, Adaptability, Dependability, Time management, Information processing, Communication, Researching",4,TRUE,Bristol,17/09/2023,06/12/2023,Echo
819,Avery Jackson,M,36,East Asian,South Korea,Data Analyst,Bachelor,1,"Accounting, Data analysis, Decision Making, Adaptability, Dependability, Flexibility, Communication, Researching",2,TRUE,Bristol,07/05/2023,09/07/2023,Echo
820,Alex Johnson,M,27,Mixed,UK,Data Analyst,Bachelor,4,"Decision Making, Adaptability, Dependability, Time management, Information processing, Communication, Digital Literacy",4,TRUE,Bristol,21/08/2023,11/09/2023,Alpha
821,Skyler Martin,F,41,Central Asian,Kazakhstan,Research Analyst,Master,1,"Creative problem solving, Critical thinking, Decision Making, Adaptability, Dependability, Flexibility, Communication, Digital Literacy",2,TRUE,Birmingham,18/06/2023,16/07/2023,Delta
822,Alex Johnson,F,52,White,Germany,Research Analyst,High School,0,"Decision Making, Adaptability, Dependability, Flexibility, Communication, Researching",0,FALSE,London,25/05/2023,28/07/2023,Echo
823,Morgan Johnson,M,44,White,Germany,Data Analyst,Bachelor,15,"Leadership, Project management, Accounting, Data analysis, Decision Making, Adaptability, Dependability, Time management, Mentoring, Information processing, Stakeholder engagement, Researching",9,TRUE,Bristol,23/10/2023,24/10/2023,Alpha
824,Alex Anderson,M,50,Mixed,Brazil,Data Scientist,Master,2,"Data analysis, Decision Making, Adaptability, Dependability, Flexibility, Communication, Digital Literacy",2,TRUE,Glasgow,12/04/2023,01/05/2023,Alpha
825,Jamie Taylor,M,18,Asian,China,Accountant,Bachelor,1,"Accounting, Decision Making, Adaptability, Dependability, Flexibility, Communication, Researching",1,TRUE,Manchester,28/10/2023,31/10/2023,Charlie
826,Skyler Harris,F,48,White,Germany,Creative Technologist,Master,3,"Coding, Graphic design, Data Visualisation, Accounting, Data analysis, Decision Making, Adaptability, Dependability, Time management, Information processing, Communication, Researching",4,TRUE,London,16/12/2023,07/01/2024,Delta
827,Alex Thomas,M,47,Middle Eastern,UK,Creative Technologist,Master,1,"Coding, Graphic design, Data Visualisation, Accounting, Data analysis, Decision Making, Adaptability, Dependability, Flexibility, Communication, Researching",4,TRUE,Bristol,16/07/2023,22/07/2023,Bravo
828,Morgan Smith,M,39,Hispanic or Latino,Mexico,Data Scientist,Master,3,"Data analysis, Decision Making, Adaptability, Dependability, Time management, Information processing, Communication, Digital Literacy",3,TRUE,Manchester,17/04/2023,19/04/2023,Charlie
829,Taylor Taylor,F,58,Native American,USA,Research Analyst,Master,0,"Creative problem solving, Critical thinking, Decision Making, Adaptability, Dependability, Flexibility, Communication, Digital Literacy",2,TRUE,Bristol,07/11/2023,12/11/2023,Delta
830,Jamie Thomas,M,32,Central Asian,Kazakhstan,Creative Technologist,Master,1,"Coding, Graphic design, Data Visualisation, Accounting, Data analysis, Decision Making, Adaptability, Dependability, Flexibility, Communication, Researching",3,TRUE,Glasgow,10/09/2023,27/11/2023,Echo
831,Morgan Anderson,M,50,Black or African American,Nigeria,Accountant,Bachelor,1,"Accounting, Decision Making, Adaptability, Dependability, Flexibility, Communication, Researching",1,TRUE,Glasgow,09/01/2023,04/04/2023,Echo
832,Casey Smith,F,49,Central Asian,Kazakhstan,Creative Technologist,Master,2,"Coding, Graphic design, Data Visualisation, Accounting, Data analysis, Decision Making, Adaptability, Dependability, Flexibility, Communication, Researching",4,TRUE,London,02/08/2023,18/09/2023,Echo
833,Jamie White,M,53,White,Germany,Data Analyst,Bachelor,0,"Data analysis, Decision Making, Adaptability, Dependability, Flexibility, Communication, Digital Literacy",1,FALSE,Manchester,06/03/2023,27/03/2023,Charlie
834,Avery Harris,M,43,Mixed,UK,Research Analyst,Master,1,"Creative problem solving, Critical thinking, Decision Making, Adaptability, Dependability, Flexibility, Communication, Digital Literacy",3,TRUE,Birmingham,26/02/2023,26/03/2023,Charlie
835,Skyler Brown,M,31,Southeast Asian,Thailand,Data Analyst,Bachelor,3,"Accounting, Decision Making, Adaptability, Dependability, Time management, Information processing, Communication, Researching",2,TRUE,London,06/12/2023,13/12/2023,Alpha
836,Avery Anderson,F,44,Black or African American,Nigeria,Accountant,Master,1,"Troubleshooting, Accounting, Decision Making, Adaptability, Dependability, Flexibility, Communication, Researching",2,TRUE,London,04/06/2023,28/06/2023,Charlie
837,Morgan Thomas,M,37,Middle Eastern,Iran,Data Analyst,Bachelor,4,"Accounting, Data analysis, Decision Making, Adaptability, Dependability, Time management, Information processing, Communication, Researching",3,TRUE,Glasgow,14/11/2023,04/12/2023,Delta
838,Alex White,F,43,Other,Unknown,Data Analyst,Bachelor,0,"Accounting, Data analysis, Decision Making, Adaptability, Dependability, Flexibility, Communication, Researching",1,TRUE,Manchester,30/07/2023,09/08/2023,Bravo
839,Avery Martin,F,45,Southeast Asian,UK,Research Analyst,High School,2,"Decision Making, Adaptability, Dependability, Flexibility, Communication, Researching",2,TRUE,Glasgow,23/02/2023,28/02/2023,Delta
840,Quinn Brown,F,48,Hispanic or Latino,Mexico,Accountant,Bachelor,1,"Accounting, Decision Making, Adaptability, Dependability, Flexibility, Communication, Researching",1,TRUE,London,10/10/2023,05/11/2023,Alpha
841,Taylor Taylor,M,48,Pacific Islander,Fiji,Data Scientist,Master,2,"Data analysis, Decision Making, Adaptability, Dependability, Flexibility, Communication, Digital Literacy",2,TRUE,Bristol,14/06/2023,03/07/2023,Charlie
842,Avery Harris,M,48,Middle Eastern,Iran,Creative Technologist,PhD,2,"Coding, Graphic design, Data Visualisation, Accounting, Data analysis, Decision Making, Adaptability, Dependability, Flexibility, Communication, Researching",4,TRUE,Manchester,09/04/2023,09/05/2023,Bravo
843,Taylor Anderson,F,27,Hispanic or Latino,UK,Data Analyst,Bachelor,3,"Accounting, Decision Making, Adaptability, Dependability, Time management, Information processing, Communication, Researching",4,TRUE,London,10/12/2023,05/03/2024,Echo
844,Alex Thomas,M,43,Hispanic or Latino,Mexico,Associate,Bachelor,0,"Decision Making, Adaptability, Dependability, Flexibility, Communication, Digital Literacy",0,FALSE,London,10/09/2023,21/09/2023,Charlie
845,Riley Smith,F,49,Mixed,Brazil,Data Analyst,Bachelor,3,"Accounting, Decision Making, Adaptability, Dependability, Time management, Information processing, Communication, Researching",2,TRUE,Manchester,12/06/2023,09/07/2023,Bravo
846,Skyler Thomas,M,31,Mixed,UK,Research Analyst,Master,2,"Creative problem solving, Critical thinking, Decision Making, Adaptability, Dependability, Flexibility, Communication, Digital Literacy",4,TRUE,Manchester,05/03/2023,16/05/2023,Echo
847,Jamie Thomas,M,30,Middle Eastern,UK,Associate,Bachelor,1,"Decision Making, Adaptability, Dependability, Flexibility, Communication, Digital Literacy",2,TRUE,Birmingham,11/09/2023,02/12/2023,Echo
848,Casey Jackson,M,33,Native American,USA,Research Analyst,Master,0,"Creative problem solving, Critical thinking, Decision Making, Adaptability, Dependability, Flexibility, Communication, Digital Literacy",2,TRUE,Bristol,01/04/2023,30/04/2023,Bravo
849,Riley Smith,M,39,Hispanic or Latino,Mexico,Data Analyst,Bachelor,1,"Accounting, Data analysis, Decision Making, Adaptability, Dependability, Flexibility, Communication, Researching",2,TRUE,Glasgow,20/10/2023,10/11/2023,Bravo
850,Taylor Anderson,F,34,Southeast Asian,Thailand,Data Scientist,Master,0,"Data analysis, Decision Making, Adaptability, Dependability, Flexibility, Communication, Digital Literacy",1,TRUE,Bristol,18/02/2023,18/04/2023,Echo
851,Alex Jackson,M,42,Asian,China,Research Analyst,Master,1,"Creative problem solving, Critical thinking, Decision Making, Adaptability, Dependability, Flexibility, Communication, Digital Literacy",2,TRUE,Bristol,03/12/2023,20/12/2023,Alpha
852,Casey Johnson,M,50,Mixed,Brazil,Data Analyst,Bachelor,1,"Accounting, Data analysis, Decision Making, Adaptability, Dependability, Flexibility, Communication, Researching",2,TRUE,Bristol,20/10/2023,30/10/2023,Alpha
853,Avery Martin,M,40,Central Asian,Kazakhstan,Data Analyst,Bachelor,0,"Data analysis, Decision Making, Adaptability, Dependability, Flexibility, Communication, Digital Literacy",1,FALSE,Manchester,02/09/2023,14/09/2023,Delta
854,Casey Johnson,M,54,Hispanic or Latino,UK,Associate,Bachelor,0,"Decision Making, Adaptability, Dependability, Flexibility, Communication, Digital Literacy",2,TRUE,London,18/09/2023,04/11/2023,Echo
855,Morgan White,M,45,Black or African American,Nigeria,Accountant,Bachelor,2,"Accounting, Decision Making, Adaptability, Dependability, Flexibility, Communication, Researching",2,TRUE,Manchester,28/06/2023,05/07/2023,Bravo
856,Taylor Harris,F,53,East Asian,UK,Associate,Bachelor,0,"Decision Making, Adaptability, Dependability, Flexibility, Communication, Digital Literacy",2,TRUE,London,31/08/2023,19/10/2023,Echo
857,Taylor Johnson,F,47,Middle Eastern,UK,Data Scientist,Master,0,"Data analysis, Decision Making, Adaptability, Dependability, Flexibility, Communication, Digital Literacy",2,TRUE,London,04/12/2023,28/01/2024,Echo
858,Taylor Smith,F,46,South Asian,UK,Creative Technologist,PhD,2,"Coding, Graphic design, Data Visualisation, Accounting, Data analysis, Decision Making, Adaptability, Dependability, Flexibility, Communication, Researching",5,TRUE,Birmingham,21/06/2023,19/07/2023,Delta
859,Alex Johnson,M,24,Mixed,Brazil,Data Analyst,Bachelor,4,"Accounting, Data analysis, Decision Making, Adaptability, Dependability, Time management, Information processing, Communication, Researching",3,TRUE,London,22/05/2023,31/05/2023,Alpha
860,Jordan Smith,F,43,East Asian,South Korea,Research Analyst,High School,0,"Decision Making, Adaptability, Dependability, Flexibility, Communication, Researching",0,FALSE,Bristol,24/02/2023,08/05/2023,Echo
861,Taylor Smith,F,57,Pacific Islander,Fiji,Data Scientist,Master,2,"Data analysis, Decision Making, Adaptability, Dependability, Flexibility, Communication, Digital Literacy",2,TRUE,London,15/02/2023,21/02/2023,Delta
862,Jordan Anderson,M,42,Pacific Islander,Fiji,Data Analyst,Bachelor,3,"Accounting, Data analysis, Decision Making, Adaptability, Dependability, Time management, Information processing, Communication, Researching",3,TRUE,Glasgow,01/08/2023,21/08/2023,Alpha
863,Alex White,M,25,Other,UK,Data Analyst,Bachelor,5,"Leadership, Accounting, Decision Making, Adaptability, Dependability, Time management, Information processing, Communication, Researching",5,TRUE,Manchester,10/06/2023,30/07/2023,Echo
864,Skyler Brown,F,23,Mixed,Brazil,Data Analyst,Bachelor,4,"Data analysis, Decision Making, Adaptability, Dependability, Time management, Information processing, Communication, Digital Literacy",3,TRUE,Glasgow,24/10/2023,02/11/2023,Bravo
865,Casey Jackson,M,51,Pacific Islander,Fiji,Data Analyst,Bachelor,7,"Leadership, Accounting, Decision Making, Adaptability, Dependability, Time management, Mentoring, Information processing, Communication, Researching",5,TRUE,London,03/04/2023,22/04/2023,Charlie
866,Riley Jackson,M,43,Southeast Asian,Thailand,Accountant,Master,0,"Troubleshooting, Accounting, Decision Making, Adaptability, Dependability, Flexibility, Communication, Researching",2,TRUE,Manchester,31/05/2023,15/06/2023,Bravo
867,Riley Thomas,F,39,Middle Eastern,UK,Research Analyst,High School,0,"Decision Making, Adaptability, Dependability, Flexibility, Communication, Researching",1,TRUE,Birmingham,29/12/2023,13/01/2024,Alpha
868,Alex Brown,M,36,Central Asian,UK,Data Analyst,Bachelor,0,"Data analysis, Decision Making, Adaptability, Dependability, Flexibility, Communication, Digital Literacy",2,TRUE,Manchester,10/02/2023,09/05/2023,Echo
869,Morgan Johnson,M,43,South Asian,UK,Data Analyst,Bachelor,2,"Data analysis, Decision Making, Adaptability, Dependability, Flexibility, Communication, Digital Literacy",3,TRUE,Manchester,09/11/2023,07/12/2023,Charlie
870,Casey Taylor,F,35,Native American,UK,Data Scientist,Master,0,"Data analysis, Decision Making, Adaptability, Dependability, Flexibility, Communication, Digital Literacy",2,TRUE,Birmingham,07/09/2023,06/10/2023,Delta
871,Morgan Martin,F,28,Native American,USA,Accountant,Bachelor,2,"Accounting, Decision Making, Adaptability, Dependability, Flexibility, Communication, Researching",2,TRUE,Bristol,03/10/2023,18/10/2023,Charlie
872,Riley Anderson,M,29,White,Germany,Research Analyst,High School,1,"Decision Making, Adaptability, Dependability, Flexibility, Communication, Researching",0,FALSE,London,31/03/2023,27/04/2023,Alpha
873,Riley Harris,F,42,Southeast Asian,Thailand,Data Scientist,Master,4,"Creative problem solving, Critical thinking, Decision Making, Adaptability, Dependability, Time management, Information processing, Communication, Digital Literacy",4,TRUE,Birmingham,07/04/2023,08/04/2023,Bravo
874,Casey Jackson,M,35,Asian,UK,Associate,Bachelor,2,"Decision Making, Adaptability, Dependability, Flexibility, Communication, Digital Literacy",2,TRUE,Manchester,13/12/2023,08/01/2024,Charlie
875,Avery Johnson,M,38,Other,Unknown,Data Analyst,Bachelor,9,"Leadership, Project management, Data analysis, Decision Making, Adaptability, Dependability, Time management, Mentoring, Information processing, Stakeholder engagement, Digital Literacy",6,TRUE,Bristol,18/08/2023,26/08/2023,Alpha
876,Skyler Martin,M,23,Asian,UK,Associate,Bachelor,2,"Decision Making, Adaptability, Dependability, Flexibility, Communication, Digital Literacy",2,TRUE,Bristol,23/12/2023,07/01/2024,Delta
877,Skyler Thomas,F,42,Hispanic or Latino,Mexico,Creative Technologist,Master,0,"Coding, Graphic design, Data Visualisation, Accounting, Data analysis, Decision Making, Adaptability, Dependability, Flexibility, Communication, Researching",3,TRUE,Birmingham,24/09/2023,21/12/2023,Echo
878,Skyler Harris,F,39,Other,Unknown,Creative Technologist,Master,0,"Coding, Graphic design, Data Visualisation, Accounting, Data analysis, Decision Making, Adaptability, Dependability, Flexibility, Communication, Researching",3,TRUE,London,08/01/2023,16/01/2023,Charlie
879,Jordan Martin,M,18,Mixed,Brazil,Creative Technologist,Master,1,"Coding, Graphic design, Data Visualisation, Accounting, Data analysis, Decision Making, Adaptability, Dependability, Flexibility, Communication, Researching",3,TRUE,Manchester,10/03/2023,07/04/2023,Bravo
880,Skyler Johnson,M,53,Other,Unknown,Accountant,Bachelor,2,"Accounting, Decision Making, Adaptability, Dependability, Flexibility, Communication, Researching",2,TRUE,London,07/03/2023,06/04/2023,Delta
881,Jordan Taylor,M,39,Hispanic or Latino,UK,Creative Technologist,Master,0,"Coding, Graphic design, Data Visualisation, Accounting, Data analysis, Decision Making, Adaptability, Dependability, Flexibility, Communication, Researching",4,TRUE,London,25/12/2023,14/01/2024,Alpha
882,Casey Taylor,M,35,Other,Unknown,Data Analyst,Bachelor,0,"Data analysis, Decision Making, Adaptability, Dependability, Flexibility, Communication, Digital Literacy",1,FALSE,London,09/04/2023,25/04/2023,Charlie
883,Casey Taylor,M,56,Asian,China,Data Analyst,Bachelor,1,"Data analysis, Decision Making, Adaptability, Dependability, Flexibility, Communication, Digital Literacy",1,TRUE,Manchester,02/06/2023,06/06/2023,Charlie
884,Jordan Martin,F,50,Other,UK,Data Analyst,Bachelor,0,"Data analysis, Decision Making, Adaptability, Dependability, Flexibility, Communication, Digital Literacy",2,TRUE,Bristol,24/01/2023,25/01/2023,Delta
885,Avery Taylor,F,34,Pacific Islander,Fiji,Associate,Bachelor,0,"Decision Making, Adaptability, Dependability, Flexibility, Communication, Digital Literacy",0,FALSE,Manchester,27/08/2023,19/09/2023,Bravo
886,Morgan Smith,M,28,Mixed,Brazil,Associate,Bachelor,2,"Decision Making, Adaptability, Dependability, Flexibility, Communication, Digital Literacy",1,TRUE,Birmingham,19/06/2023,23/08/2023,Echo
887,Riley Anderson,F,36,Pacific Islander,Fiji,Data Scientist,Master,4,"Data analysis, Decision Making, Adaptability, Dependability, Time management, Information processing, Communication, Digital Literacy",3,TRUE,Bristol,18/12/2023,17/01/2024,Bravo
888,Jordan Harris,F,22,Other,Unknown,Research Analyst,Master,1,"Creative problem solving, Critical thinking, Decision Making, Adaptability, Dependability, Flexibility, Communication, Digital Literacy",2,TRUE,Manchester,22/06/2023,12/07/2023,Bravo
889,Skyler Johnson,F,42,Pacific Islander,Fiji,Data Scientist,Master,10,"Leadership, Project management, Data analysis, Decision Making, Adaptability, Dependability, Time management, Mentoring, Information processing, Stakeholder engagement, Digital Literacy",7,TRUE,London,09/03/2023,26/03/2023,Bravo
890,Skyler Johnson,M,42,Mixed,UK,Accountant,Bachelor,1,"Accounting, Decision Making, Adaptability, Dependability, Flexibility, Communication, Researching",2,TRUE,Bristol,25/02/2023,25/03/2023,Charlie
891,Riley Taylor,M,44,South Asian,India,Creative Technologist,Master,2,"Coding, Graphic design, Data Visualisation, Accounting, Data analysis, Decision Making, Adaptability, Dependability, Flexibility, Communication, Researching",4,TRUE,Glasgow,16/02/2023,10/03/2023,Delta
892,Avery Johnson,F,42,Asian,China,Creative Technologist,Master,1,"Coding, Graphic design, Data Visualisation, Accounting, Data analysis, Decision Making, Adaptability, Dependability, Flexibility, Communication, Researching",3,TRUE,Glasgow,01/08/2023,11/10/2023,Echo
893,Jordan Harris,F,42,South Asian,India,Data Analyst,Bachelor,0,"Data analysis, Decision Making, Adaptability, Dependability, Flexibility, Communication, Digital Literacy",1,FALSE,Glasgow,16/02/2023,19/02/2023,Bravo
894,Casey Taylor,M,34,Mixed,UK,Data Analyst,High School,4,"Decision Making, Adaptability, Dependability, Time management, Information processing, Communication, Researching",3,TRUE,Birmingham,26/03/2023,20/06/2023,Echo
895,Jordan Smith,M,29,White,UK,Accountant,Bachelor,2,"Accounting, Decision Making, Adaptability, Dependability, Flexibility, Communication, Researching",3,TRUE,Birmingham,25/05/2023,13/06/2023,Alpha
896,Casey White,F,29,Native American,USA,Data Scientist,Master,0,"Data analysis, Decision Making, Adaptability, Dependability, Flexibility, Communication, Digital Literacy",1,TRUE,Manchester,11/07/2023,26/07/2023,Bravo
897,Jordan Smith,F,39,South Asian,India,Data Analyst,Bachelor,8,"Leadership, Accounting, Data analysis, Decision Making, Adaptability, Dependability, Time management, Mentoring, Information processing, Stakeholder engagement, Researching",6,TRUE,Bristol,25/07/2023,30/07/2023,Bravo
898,Taylor Anderson,M,33,White,Germany,Data Analyst,Bachelor,0,"Data analysis, Decision Making, Adaptability, Dependability, Flexibility, Communication, Digital Literacy",1,FALSE,London,30/06/2023,20/07/2023,Bravo
899,Jamie White,M,46,East Asian,UK,Accountant,Bachelor,2,"Accounting, Decision Making, Adaptability, Dependability, Flexibility, Communication, Researching",3,TRUE,London,03/10/2023,23/10/2023,Alpha
900,Alex Anderson,M,41,Other,UK,Data Scientist,Master,2,"Data analysis, Decision Making, Adaptability, Dependability, Flexibility, Communication, Digital Literacy",3,TRUE,Manchester,24/08/2023,09/09/2023,Alpha
901,Avery Smith,M,33,Southeast Asian,Thailand,Data Analyst,Bachelor,2,"Data analysis, Decision Making, Adaptability, Dependability, Flexibility, Communication, Digital Literacy",2,TRUE,Birmingham,02/09/2023,18/09/2023,Bravo
902,Riley Smith,M,38,Pacific Islander,Fiji,Accountant,Master,1,"Troubleshooting, Accounting, Decision Making, Adaptability, Dependability, Flexibility, Communication, Researching",2,TRUE,Birmingham,03/05/2023,05/05/2023,Charlie
903,Jamie Martin,M,42,Pacific Islander,Fiji,Accountant,Bachelor,1,"Accounting, Decision Making, Adaptability, Dependability, Flexibility, Communication, Researching",1,TRUE,London,03/10/2023,27/10/2023,Delta
904,Morgan Martin,F,41,Hispanic or Latino,Mexico,Data Analyst,Bachelor,2,"Data analysis, Decision Making, Adaptability, Dependability, Flexibility, Communication, Digital Literacy",2,TRUE,London,13/11/2023,19/11/2023,Alpha
905,Taylor White,F,38,Other,Unknown,Accountant,Bachelor,2,"Accounting, Decision Making, Adaptability, Dependability, Flexibility, Communication, Researching",2,TRUE,Manchester,23/09/2023,27/11/2023,Echo
906,Alex Anderson,F,51,Hispanic or Latino,UK,Data Analyst,Bachelor,1,"Data analysis, Decision Making, Adaptability, Dependability, Flexibility, Communication, Digital Literacy",2,TRUE,Manchester,07/05/2023,23/05/2023,Delta
907,Morgan Brown,F,37,White,Germany,Data Scientist,PhD,1,"Data analysis, Decision Making, Adaptability, Dependability, Flexibility, Communication, Digital Literacy",2,TRUE,London,17/11/2023,14/12/2023,Bravo
908,Skyler Taylor,F,29,Pacific Islander,Fiji,Data Scientist,Master,3,"Creative problem solving, Critical thinking, Decision Making, Adaptability, Dependability, Time management, Information processing, Communication, Digital Literacy",3,TRUE,Glasgow,30/03/2023,21/04/2023,Bravo
909,Casey Thomas,M,39,Mixed,Brazil,Data Analyst,Bachelor,7,"Leadership, Data analysis, Decision Making, Adaptability, Dependability, Time management, Mentoring, Information processing, Communication, Digital Literacy",5,TRUE,Glasgow,20/06/2023,04/07/2023,Alpha
910,Skyler Thomas,M,44,Mixed,UK,Accountant,Master,0,"Troubleshooting, Accounting, Decision Making, Adaptability, Dependability, Flexibility, Communication, Researching",3,TRUE,Glasgow,21/05/2023,09/08/2023,Echo
911,Skyler Martin,F,44,South Asian,India,Accountant,Bachelor,0,"Accounting, Decision Making, Adaptability, Dependability, Flexibility, Communication, Researching",1,FALSE,London,22/04/2023,30/04/2023,Delta
912,Skyler Brown,F,43,Other,Unknown,Accountant,Bachelor,0,"Accounting, Decision Making, Adaptability, Dependability, Flexibility, Communication, Researching",1,FALSE,London,09/10/2023,08/11/2023,Delta
913,Avery Anderson,M,18,South Asian,India,Accountant,Bachelor,2,"Accounting, Decision Making, Adaptability, Dependability, Flexibility, Communication, Researching",2,TRUE,Birmingham,27/12/2023,21/01/2024,Alpha
914,Jamie Smith,F,35,Middle Eastern,UK,Data Analyst,Bachelor,0,"Accounting, Data analysis, Decision Making, Adaptability, Dependability, Flexibility, Communication, Researching",2,TRUE,Manchester,01/10/2023,17/10/2023,Alpha
915,Alex Brown,M,55,South Asian,UK,Accountant,Master,0,"Troubleshooting, Accounting, Decision Making, Adaptability, Dependability, Flexibility, Communication, Researching",3,TRUE,Glasgow,23/06/2023,09/07/2023,Bravo
916,Jamie Brown,F,42,Black or African American,Nigeria,Accountant,Master,2,"Troubleshooting, Accounting, Decision Making, Adaptability, Dependability, Flexibility, Communication, Researching",2,TRUE,London,21/09/2023,27/09/2023,Charlie
917,Taylor Brown,F,44,Asian,UK,Data Analyst,Bachelor,3,"Accounting, Data analysis, Decision Making, Adaptability, Dependability, Time management, Information processing, Communication, Researching",4,TRUE,Manchester,18/03/2023,30/05/2023,Echo
918,Quinn Brown,F,59,Southeast Asian,UK,Accountant,Bachelor,1,"Accounting, Decision Making, Adaptability, Dependability, Flexibility, Communication, Researching",2,TRUE,Glasgow,28/07/2023,14/10/2023,Echo
919,Quinn Thomas,F,32,Middle Eastern,Iran,Associate,Bachelor,0,"Decision Making, Adaptability, Dependability, Flexibility, Communication, Digital Literacy",0,FALSE,London,03/06/2023,03/07/2023,Bravo
920,Casey Harris,M,52,Mixed,Brazil,Data Analyst,Bachelor,2,"Accounting, Data analysis, Decision Making, Adaptability, Dependability, Flexibility, Communication, Researching",2,TRUE,Manchester,22/10/2023,13/11/2023,Delta
921,Avery Jackson,F,64,Middle Eastern,Iran,Data Analyst,Bachelor,3,"Accounting, Decision Making, Adaptability, Dependability, Time management, Information processing, Communication, Researching",2,TRUE,Manchester,20/09/2023,18/10/2023,Delta
922,Quinn Martin,M,46,Middle Eastern,UK,Data Scientist,Master,5,"Leadership, Creative problem solving, Critical thinking, Decision Making, Adaptability, Dependability, Time management, Information processing, Communication, Digital Literacy",6,TRUE,Bristol,10/07/2023,30/07/2023,Charlie
923,Riley Anderson,M,0,Central Asian,Kazakhstan,Research Analyst,Master,1,"Creative problem solving, Critical thinking, Decision Making, Adaptability, Dependability, Flexibility, Communication, Digital Literacy",2,TRUE,London,22/10/2023,17/12/2023,Echo
924,Casey Anderson,M,22,Mixed,Brazil,Data Analyst,Bachelor,0,"Data analysis, Decision Making, Adaptability, Dependability, Flexibility, Communication, Digital Literacy",1,FALSE,Manchester,24/09/2023,05/10/2023,Bravo
925,Avery White,F,36,Mixed,UK,Research Analyst,Master,1,"Creative problem solving, Critical thinking, Decision Making, Adaptability, Dependability, Flexibility, Communication, Digital Literacy",3,TRUE,Bristol,06/05/2023,18/05/2023,Charlie
926,Casey Thomas,M,53,Asian,UK,Associate,Bachelor,0,"Decision Making, Adaptability, Dependability, Flexibility, Communication, Digital Literacy",2,TRUE,Manchester,08/06/2023,16/06/2023,Bravo
927,Quinn Anderson,M,42,Central Asian,Kazakhstan,Accountant,Master,0,"Troubleshooting, Accounting, Decision Making, Adaptability, Dependability, Flexibility, Communication, Researching",2,TRUE,London,18/08/2023,01/09/2023,Delta
928,Avery Johnson,M,42,White,Germany,Accountant,Master,2,"Troubleshooting, Accounting, Decision Making, Adaptability, Dependability, Flexibility, Communication, Researching",2,TRUE,Birmingham,18/08/2023,30/10/2023,Echo
929,Jordan Brown,M,34,Central Asian,Kazakhstan,Accountant,Bachelor,0,"Accounting, Decision Making, Adaptability, Dependability, Flexibility, Communication, Researching",1,FALSE,Glasgow,25/03/2023,22/04/2023,Alpha
930,Morgan White,F,36,Asian,UK,Data Analyst,Bachelor,3,"Accounting, Data analysis, Decision Making, Adaptability, Dependability, Time management, Information processing, Communication, Researching",4,TRUE,London,19/02/2023,06/03/2023,Bravo
931,Casey Martin,F,35,White,UK,Research Analyst,Master,2,"Creative problem solving, Critical thinking, Decision Making, Adaptability, Dependability, Flexibility, Communication, Digital Literacy",4,TRUE,London,11/03/2023,23/03/2023,Delta
932,Quinn Taylor,F,44,White,UK,Accountant,Master,2,"Troubleshooting, Accounting, Decision Making, Adaptability, Dependability, Flexibility, Communication, Researching",4,TRUE,Manchester,28/02/2023,16/05/2023,Echo
933,Casey Jackson,F,42,Black or African American,Nigeria,Data Analyst,Bachelor,0,"Accounting, Data analysis, Decision Making, Adaptability, Dependability, Flexibility, Communication, Researching",1,TRUE,Bristol,03/12/2023,25/12/2023,Charlie
934,Taylor Thomas,F,53,Mixed,Brazil,Data Analyst,Bachelor,7,"Leadership, Accounting, Decision Making, Adaptability, Dependability, Time management, Mentoring, Information processing, Communication, Researching",5,TRUE,Manchester,13/03/2023,27/03/2023,Delta
935,Jamie Smith,M,46,Native American,UK,Creative Technologist,Master,2,"Coding, Graphic design, Data Visualisation, Accounting, Data analysis, Decision Making, Adaptability, Dependability, Flexibility, Communication, Researching",5,TRUE,Bristol,21/04/2023,19/07/2023,Echo
936,Skyler White,F,36,East Asian,South Korea,Accountant,PhD,1,"Troubleshooting, Accounting, Decision Making, Adaptability, Dependability, Flexibility, Communication, Researching",2,TRUE,London,15/03/2023,24/03/2023,Alpha
937,Avery Harris,M,62,Central Asian,Kazakhstan,Data Scientist,Master,3,"Creative problem solving, Critical thinking, Decision Making, Adaptability, Dependability, Time management, Information processing, Communication, Digital Literacy",3,TRUE,Birmingham,04/09/2023,13/09/2023,Charlie
938,Quinn Taylor,M,38,Hispanic or Latino,Mexico,Data Analyst,Bachelor,1,"Data analysis, Decision Making, Adaptability, Dependability, Flexibility, Communication, Digital Literacy",1,TRUE,Glasgow,14/05/2023,03/08/2023,Echo
939,Alex Jackson,M,46,Hispanic or Latino,UK,Creative Technologist,Master,2,"Coding, Graphic design, Data Visualisation, Accounting, Data analysis, Decision Making, Adaptability, Dependability, Flexibility, Communication, Researching",5,TRUE,Manchester,05/06/2023,20/06/2023,Delta
940,Jordan Taylor,F,36,East Asian,South Korea,Research Analyst,Master,2,"Creative problem solving, Critical thinking, Decision Making, Adaptability, Dependability, Flexibility, Communication, Digital Literacy",2,TRUE,Bristol,04/07/2023,16/07/2023,Delta
941,Morgan Taylor,M,55,East Asian,South Korea,Data Analyst,Bachelor,0,"Accounting, Data analysis, Decision Making, Adaptability, Dependability, Flexibility, Communication, Researching",1,TRUE,Bristol,20/12/2023,11/01/2024,Charlie
942,Avery Brown,F,34,Other,Unknown,Research Analyst,Master,1,"Creative problem solving, Critical thinking, Decision Making, Adaptability, Dependability, Flexibility, Communication, Digital Literacy",2,TRUE,London,09/11/2023,06/12/2023,Bravo
943,Casey Harris,F,26,Southeast Asian,Thailand,Data Scientist,Master,0,"Data analysis, Decision Making, Adaptability, Dependability, Flexibility, Communication, Digital Literacy",1,TRUE,Manchester,01/02/2023,01/04/2023,Echo
944,Alex Smith,F,44,Mixed,Brazil,Data Scientist,Master,3,"Data analysis, Decision Making, Adaptability, Dependability, Time management, Information processing, Communication, Digital Literacy",3,TRUE,Bristol,26/04/2023,03/05/2023,Charlie
945,Taylor Harris,M,44,Native American,USA,Research Analyst,Master,1,"Creative problem solving, Critical thinking, Decision Making, Adaptability, Dependability, Flexibility, Communication, Digital Literacy",2,TRUE,Manchester,10/11/2023,17/11/2023,Delta
946,Alex Jackson,F,25,Central Asian,Kazakhstan,Data Analyst,Bachelor,3,"Data analysis, Decision Making, Adaptability, Dependability, Time management, Information processing, Communication, Digital Literacy",2,TRUE,Bristol,25/08/2023,06/11/2023,Echo
947,Casey Brown,F,28,Pacific Islander,UK,Data Analyst,Bachelor,0,"Accounting, Data analysis, Decision Making, Adaptability, Dependability, Flexibility, Communication, Researching",2,TRUE,London,06/01/2023,29/01/2023,Alpha
948,Jamie Anderson,M,34,Central Asian,Kazakhstan,Research Analyst,Master,1,"Creative problem solving, Critical thinking, Decision Making, Adaptability, Dependability, Flexibility, Communication, Digital Literacy",2,TRUE,Bristol,05/10/2023,09/10/2023,Alpha
949,Morgan White,M,40,East Asian,UK,Data Analyst,Bachelor,2,"Accounting, Data analysis, Decision Making, Adaptability, Dependability, Flexibility, Communication, Researching",3,TRUE,Manchester,29/04/2023,08/07/2023,Echo
950,Riley Taylor,M,45,Central Asian,Kazakhstan,Data Analyst,Bachelor,0,"Data analysis, Decision Making, Adaptability, Dependability, Flexibility, Communication, Digital Literacy",1,FALSE,Manchester,18/11/2023,22/11/2023,Charlie
951,Alex Jackson,F,39,Middle Eastern,Iran,Associate,Bachelor,2,"Decision Making, Adaptability, Dependability, Flexibility, Communication, Digital Literacy",1,TRUE,London,20/04/2023,08/06/2023,Echo
952,Riley Martin,F,28,Central Asian,UK,Data Analyst,Bachelor,4,"Accounting, Decision Making, Adaptability, Dependability, Time management, Information processing, Communication, Researching",4,TRUE,London,04/06/2023,03/07/2023,Alpha
953,Alex Jackson,F,27,Other,Unknown,Data Analyst,Bachelor,2,"Accounting, Data analysis, Decision Making, Adaptability, Dependability, Flexibility, Communication, Researching",2,TRUE,Manchester,22/01/2023,19/04/2023,Echo
954,Skyler Taylor,M,39,East Asian,UK,Associate,Bachelor,2,"Decision Making, Adaptability, Dependability, Flexibility, Communication, Digital Literacy",2,TRUE,Bristol,15/02/2023,17/03/2023,Alpha
955,Riley Jackson,F,43,Black or African American,Nigeria,Associate,Bachelor,2,"Decision Making, Adaptability, Dependability, Flexibility, Communication, Digital Literacy",1,TRUE,London,22/06/2023,29/08/2023,Echo
956,Alex Johnson,F,28,Southeast Asian,UK,Research Analyst,Master,0,"Creative problem solving, Critical thinking, Decision Making, Adaptability, Dependability, Flexibility, Communication, Digital Literacy",3,TRUE,Bristol,20/08/2023,29/10/2023,Echo
957,Quinn White,M,36,East Asian,UK,Data Scientist,Master,0,"Data analysis, Decision Making, Adaptability, Dependability, Flexibility, Communication, Digital Literacy",2,TRUE,Glasgow,17/05/2023,28/07/2023,Echo
958,Jordan Jackson,M,53,Other,Unknown,Data Scientist,Master,4,"Creative problem solving, Critical thinking, Decision Making, Adaptability, Dependability, Time management, Information processing, Communication, Digital Literacy",4,TRUE,Glasgow,16/07/2023,21/07/2023,Delta
959,Casey Harris,F,39,Native American,USA,Research Analyst,Master,1,"Creative problem solving, Critical thinking, Decision Making, Adaptability, Dependability, Flexibility, Communication, Digital Literacy",2,TRUE,Glasgow,13/10/2023,15/10/2023,Alpha
960,Riley Jackson,F,60,Central Asian,Kazakhstan,Accountant,Bachelor,1,"Accounting, Decision Making, Adaptability, Dependability, Flexibility, Communication, Researching",1,TRUE,Bristol,11/10/2023,16/10/2023,Alpha
961,Morgan Taylor,F,45,Central Asian,Kazakhstan,Data Analyst,Bachelor,3,"Accounting, Decision Making, Adaptability, Dependability, Time management, Information processing, Communication, Researching",2,TRUE,London,15/04/2023,24/04/2023,Bravo
962,Casey White,M,32,Asian,UK,Accountant,Bachelor,1,"Accounting, Decision Making, Adaptability, Dependability, Flexibility, Communication, Researching",2,TRUE,Birmingham,08/11/2023,11/11/2023,Delta
963,Jamie Thomas,F,46,Native American,UK,Research Analyst,High School,2,"Decision Making, Adaptability, Dependability, Flexibility, Communication, Researching",2,TRUE,London,26/06/2023,28/06/2023,Charlie
964,Taylor White,M,34,Other,Unknown,Data Analyst,Bachelor,1,"Accounting, Data analysis, Decision Making, Adaptability, Dependability, Flexibility, Communication, Researching",2,TRUE,Manchester,08/08/2023,29/08/2023,Charlie
965,Avery Anderson,F,37,Southeast Asian,UK,Data Scientist,Master,3,"Troubleshooting, Accounting, Decision Making, Adaptability, Dependability, Time management, Information processing, Communication, Researching",4,TRUE,London,03/11/2023,01/12/2023,Bravo
966,Casey Brown,F,58,South Asian,India,Data Scientist,Master,4,"Creative problem solving, Critical thinking, Decision Making, Adaptability, Dependability, Time management, Information processing, Communication, Digital Literacy",4,TRUE,Bristol,14/11/2023,30/11/2023,Delta
967,Quinn Martin,F,49,Asian,China,Data Scientist,Master,0,"Data analysis, Decision Making, Adaptability, Dependability, Flexibility, Communication, Digital Literacy",1,TRUE,Manchester,22/08/2023,21/09/2023,Bravo
968,Riley Anderson,M,41,Black or African American,UK,Accountant,Bachelor,0,"Accounting, Decision Making, Adaptability, Dependability, Flexibility, Communication, Researching",2,TRUE,Birmingham,05/09/2023,11/09/2023,Charlie
969,Avery Taylor,M,25,Hispanic or Latino,Mexico,Creative Technologist,Master,0,"Coding, Graphic design, Data Visualisation, Accounting, Data analysis, Decision Making, Adaptability, Dependability, Flexibility, Communication, Researching",3,TRUE,Manchester,04/02/2023,04/03/2023,Charlie
970,Riley Harris,M,37,Central Asian,Kazakhstan,Data Scientist,Master,1,"Data analysis, Decision Making, Adaptability, Dependability, Flexibility, Communication, Digital Literacy",2,TRUE,Manchester,08/09/2023,30/09/2023,Charlie
971,Skyler Martin,M,44,South Asian,India,Data Scientist,Master,3,"Troubleshooting, Accounting, Decision Making, Adaptability, Dependability, Time management, Information processing, Communication, Researching",3,TRUE,Bristol,30/12/2023,20/01/2024,Bravo
972,Alex Johnson,F,29,East Asian,UK,Data Analyst,Bachelor,1,"Accounting, Data analysis, Decision Making, Adaptability, Dependability, Flexibility, Communication, Researching",3,TRUE,London,14/02/2023,02/03/2023,Charlie
973,Jamie Harris,M,35,Middle Eastern,Iran,Data Analyst,Bachelor,4,"Accounting, Decision Making, Adaptability, Dependability, Time management, Information processing, Communication, Researching",3,TRUE,Bristol,02/11/2023,12/11/2023,Charlie
974,Skyler Thomas,F,62,Central Asian,UK,Research Analyst,Master,1,"Creative problem solving, Critical thinking, Decision Making, Adaptability, Dependability, Flexibility, Communication, Digital Literacy",3,TRUE,Bristol,29/09/2023,14/10/2023,Alpha
975,Jordan Jackson,M,64,Asian,UK,Creative Technologist,PhD,3,"Coding, Graphic design, Data Visualisation, Accounting, Data analysis, Decision Making, Adaptability, Dependability, Time management, Information processing, Communication, Researching",6,TRUE,Manchester,24/02/2023,26/03/2023,Alpha
976,Avery Jackson,M,28,Mixed,Brazil,Creative Technologist,Master,0,"Coding, Graphic design, Data Visualisation, Accounting, Data analysis, Decision Making, Adaptability, Dependability, Flexibility, Communication, Researching",3,TRUE,Manchester,05/08/2023,24/08/2023,Charlie
977,Avery Anderson,F,49,Mixed,Brazil,Research Analyst,Master,1,"Creative problem solving, Critical thinking, Decision Making, Adaptability, Dependability, Flexibility, Communication, Digital Literacy",2,TRUE,Glasgow,04/06/2023,28/06/2023,Delta
978,Quinn Thomas,M,40,Asian,China,Creative Technologist,Master,2,"Coding, Graphic design, Data Visualisation, Accounting, Data analysis, Decision Making, Adaptability, Dependability, Flexibility, Communication, Researching",4,TRUE,Manchester,29/12/2023,03/01/2024,Charlie
979,Jamie White,F,60,Asian,UK,Data Analyst,Bachelor,1,"Accounting, Data analysis, Decision Making, Adaptability, Dependability, Flexibility, Communication, Researching",3,TRUE,Manchester,11/08/2023,26/08/2023,Alpha
980,Skyler Taylor,F,55,Southeast Asian,UK,Data Scientist,Master,2,"Data analysis, Decision Making, Adaptability, Dependability, Flexibility, Communication, Digital Literacy",3,TRUE,Manchester,30/07/2023,01/08/2023,Bravo
981,Skyler Taylor,M,25,Pacific Islander,Fiji,Data Scientist,Master,0,"Data analysis, Decision Making, Adaptability, Dependability, Flexibility, Communication, Digital Literacy",1,TRUE,Glasgow,15/08/2023,25/08/2023,Delta
982,Morgan Anderson,M,18,Southeast Asian,Thailand,Data Analyst,Bachelor,1,"Accounting, Data analysis, Decision Making, Adaptability, Dependability, Flexibility, Communication, Researching",2,TRUE,Birmingham,26/08/2023,23/09/2023,Delta
983,Avery Johnson,M,60,Mixed,Brazil,Data Scientist,Master,1,"Data analysis, Decision Making, Adaptability, Dependability, Flexibility, Communication, Digital Literacy",2,TRUE,Bristol,27/11/2023,02/02/2024,Echo
984,Skyler White,M,48,Hispanic or Latino,Mexico,Data Scientist,Master,5,"Leadership, Creative problem solving, Critical thinking, Decision Making, Adaptability, Dependability, Time management, Information processing, Communication, Digital Literacy",4,TRUE,London,27/08/2023,24/09/2023,Charlie
985,Avery Taylor,M,38,White,Germany,Data Analyst,Bachelor,1,"Data analysis, Decision Making, Adaptability, Dependability, Flexibility, Communication, Digital Literacy",1,TRUE,Bristol,06/12/2023,21/12/2023,Delta
986,Jamie Brown,F,52,White,Germany,Data Scientist,Master,9,"Leadership, Project management, Troubleshooting, Accounting, Decision Making, Adaptability, Dependability, Time management, Mentoring, Information processing, Stakeholder engagement, Researching",7,TRUE,Bristol,10/04/2023,28/04/2023,Bravo
987,Jordan Martin,F,42,White,UK,Data Analyst,Bachelor,2,"Accounting, Data analysis, Decision Making, Adaptability, Dependability, Flexibility, Communication, Researching",3,TRUE,London,14/07/2023,30/09/2023,Echo
988,Alex Thomas,F,36,Hispanic or Latino,Mexico,Accountant,Bachelor,0,"Accounting, Decision Making, Adaptability, Dependability, Flexibility, Communication, Researching",1,FALSE,Bristol,25/04/2023,13/05/2023,Alpha
989,Skyler Jackson,M,65,South Asian,India,Data Scientist,Master,0,"Data analysis, Decision Making, Adaptability, Dependability, Flexibility, Communication, Digital Literacy",1,TRUE,Birmingham,10/09/2023,13/09/2023,Alpha
990,Taylor Anderson,M,31,Hispanic or Latino,UK,Associate,Bachelor,2,"Decision Making, Adaptability, Dependability, Flexibility, Communication, Digital Literacy",2,TRUE,London,17/06/2023,10/07/2023,Charlie
991,Avery White,F,29,Other,Unknown,Associate,Bachelor,1,"Decision Making, Adaptability, Dependability, Flexibility, Communication, Digital Literacy",1,FALSE,Bristol,08/04/2023,04/07/2023,Echo
992,Jamie Smith,M,41,Middle Eastern,Iran,Data Analyst,Bachelor,1,"Data analysis, Decision Making, Adaptability, Dependability, Flexibility, Communication, Digital Literacy",1,TRUE,London,24/01/2023,01/02/2023,Bravo
993,Taylor Martin,M,47,Southeast Asian,UK,Data Analyst,Bachelor,5,"Leadership, Accounting, Data analysis, Decision Making, Adaptability, Dependability, Time management, Information processing, Communication, Researching",5,TRUE,London,05/05/2023,15/05/2023,Delta
994,Quinn Thomas,F,40,Mixed,UK,Data Analyst,Bachelor,1,"Data analysis, Decision Making, Adaptability, Dependability, Flexibility, Communication, Digital Literacy",2,TRUE,Glasgow,11/08/2023,04/10/2023,Echo
995,Riley Taylor,M,59,Central Asian,UK,Research Analyst,High School,2,"Decision Making, Adaptability, Dependability, Flexibility, Communication, Researching",2,TRUE,Bristol,14/01/2023,12/02/2023,Charlie
996,Morgan White,F,53,Mixed,Brazil,Creative Technologist,Master,1,"Coding, Graphic design, Data Visualisation, Accounting, Data analysis, Decision Making, Adaptability, Dependability, Flexibility, Communication, Researching",3,TRUE,Bristol,07/02/2023,22/02/2023,Delta
997,Riley Smith,F,26,White,Germany,Data Analyst,Bachelor,2,"Data analysis, Decision Making, Adaptability, Dependability, Flexibility, Communication, Digital Literacy",2,TRUE,Manchester,02/12/2023,14/12/2023,Bravo
998,Alex Jackson,M,51,East Asian,South Korea,Data Analyst,Bachelor,2,"Accounting, Data analysis, Decision Making, Adaptability, Dependability, Flexibility, Communication, Researching",2,TRUE,Bristol,13/10/2023,17/12/2023,Echo
999,Jamie Anderson,M,24,Asian,China,Data Scientist,Master,0,"Data analysis, Decision Making, Adaptability, Dependability, Flexibility, Communication, Digital Literacy",1,TRUE,Birmingham,06/04/2023,30/04/2023,Delta
1000,Skyler Brown,F,29,Pacific Islander,UK,Data Analyst,Bachelor,0,"Data analysis, Decision Making, Adaptability, Dependability, Flexibility, Communication, Digital Literacy",2,TRUE,Birmingham,10/08/2023,08/09/2023,Alpha
1001,Skyler Thomas,M,51,Other,UK,Data Analyst,Bachelor,3,"Accounting, Decision Making, Adaptability, Dependability, Time management, Information processing, Communication, Researching",4,TRUE,Glasgow,30/10/2023,07/11/2023,C
1002,Riley Taylor,F,48,Central Asian,Kazakhstan,Associate,Bachelor,1,"Decision Making, Adaptability, Dependability, Flexibility, Communication, Digital Literacy",1,FALSE,London,13/02/2023,18/02/2023,Delta
1003,Jordan Brown,M,65,East Asian,South Korea,Data Analyst,High School,4,"Decision Making, Adaptability, Dependability, Time management, Information processing, Communication, Researching",2,TRUE,London,10/02/2023,12/02/2023,Bravo
1004,Casey White,F,49,Native American,USA,Research Analyst,High School,2,"Decision Making, Adaptability, Dependability, Flexibility, Communication, Researching",1,FALSE,London,24/12/2023,26/02/2024,Echo
1005,Alex White,M,43,East Asian,South Korea,Research Analyst,High School,0,"Decision Making, Adaptability, Dependability, Flexibility, Communication, Researching",0,FALSE,London,19/01/2023,24/01/2023,Bravo
1006,Riley Anderson,F,56,Pacific Islander,Fiji,Accountant,Bachelor,0,"Accounting, Decision Making, Adaptability, Dependability, Flexibility, Communication, Researching",1,FALSE,Birmingham,03/10/2023,28/10/2023,Charlie
1007,Jordan White,M,38,East Asian,UK,Data Analyst,Bachelor,3,"Accounting, Decision Making, Adaptability, Dependability, Time management, Information processing, Communication, Researching",4,TRUE,Birmingham,10/02/2023,13/02/2023,Bravo
1008,Quinn Taylor,M,27,Native American,USA,Research Analyst,Master,0,"Creative problem solving, Critical thinking, Decision Making, Adaptability, Dependability, Flexibility, Communication, Digital Literacy",2,TRUE,Manchester,03/12/2023,01/03/2024,Echo
1009,Morgan Jackson,M,52,Black or African American,Nigeria,Research Analyst,Master,0,"Creative problem solving, Critical thinking, Decision Making, Adaptability, Dependability, Flexibility, Communication, Digital Literacy",2,TRUE,Bristol,21/04/2023,28/04/2023,Alpha
1010,Riley Martin,M,23,Asian,China,Data Analyst,Bachelor,2,"Accounting, Data analysis, Decision Making, Adaptability, Dependability, Flexibility, Communication, Researching",2,TRUE,London,12/10/2023,02/11/2023,Bravo
1011,Riley Smith,F,35,Other,Unknown,Associate,Bachelor,1,"Decision Making, Adaptability, Dependability, Flexibility, Communication, Digital Literacy",1,FALSE,Bristol,25/08/2023,28/08/2023,Charlie
1012,Jordan Brown,F,43,Black or African American,Nigeria,Accountant,Bachelor,2,"Accounting, Decision Making, Adaptability, Dependability, Flexibility, Communication, Researching",2,TRUE,Bristol,05/09/2023,25/09/2023,Delta
1013,Riley Brown,F,53,Hispanic or Latino,Mexico,Data Analyst,Bachelor,1,"Data analysis, Decision Making, Adaptability, Dependability, Flexibility, Communication, Digital Literacy",1,TRUE,London,01/02/2023,07/02/2023,Alpha
1014,Quinn Martin,F,33,Middle Eastern,Iran,Creative Technologist,Master,0,"Coding, Graphic design, Data Visualisation, Accounting, Data analysis, Decision Making, Adaptability, Dependability, Flexibility, Communication, Researching",3,TRUE,Glasgow,23/05/2023,17/06/2023,Delta
1015,Quinn Martin,M,33,Mixed,UK,Accountant,Bachelor,1,"Accounting, Decision Making, Adaptability, Dependability, Flexibility, Communication, Researching",2,TRUE,Manchester,27/11/2023,17/12/2023,Bravo
1016,Jamie White,F,25,South Asian,UK,Creative Technologist,Master,1,"Coding, Graphic design, Data Visualisation, Accounting, Data analysis, Decision Making, Adaptability, Dependability, Flexibility, Communication, Researching",4,TRUE,Manchester,05/08/2023,18/08/2023,Delta
1017,Skyler Smith,M,39,Southeast Asian,Thailand,Data Analyst,Bachelor,2,"Data analysis, Decision Making, Adaptability, Dependability, Flexibility, Communication, Digital Literacy",2,TRUE,Manchester,07/05/2023,11/05/2023,Delta
1018,Avery Smith,M,27,Middle Eastern,Iran,Data Analyst,Bachelor,0,"Accounting, Data analysis, Decision Making, Adaptability, Dependability, Flexibility, Communication, Researching",1,TRUE,Birmingham,13/10/2023,18/10/2023,Delta
1019,Jamie Martin,F,29,East Asian,South Korea,Data Analyst,Bachelor,7,"Leadership, Decision Making, Adaptability, Dependability, Time management, Mentoring, Information processing, Communication, Digital Literacy",4,TRUE,Glasgow,26/05/2023,08/06/2023,Bravo
1020,Avery Jackson,F,31,Central Asian,UK,Associate,Bachelor,0,"Decision Making, Adaptability, Dependability, Flexibility, Communication, Digital Literacy",2,TRUE,London,16/09/2023,25/09/2023,Bravo
1021,Avery Taylor,F,21,South Asian,India,Data Analyst,Bachelor,3,"Accounting, Data analysis, Decision Making, Adaptability, Dependability, Time management, Information processing, Communication, Researching",3,TRUE,Bristol,29/05/2023,20/06/2023,Delta
1022,Taylor Johnson,F,46,White,UK,Data Analyst,Bachelor,4,"Accounting, Decision Making, Adaptability, Dependability, Time management, Information processing, Communication, Researching",4,TRUE,London,14/03/2023,11/04/2023,Alpha
1023,Alex Thomas,M,18,East Asian,South Korea,Data Analyst,Bachelor,1,"Accounting, Data analysis, Decision Making, Adaptability, Dependability, Flexibility, Communication, Researching",2,TRUE,London,25/01/2023,20/02/2023,Alpha
1024,Casey Taylor,M,40,Black or African American,UK,Data Scientist,PhD,2,"Data analysis, Decision Making, Adaptability, Dependability, Flexibility, Communication, Digital Literacy",4,TRUE,Bristol,29/03/2023,14/04/2023,Delta
1025,Jamie Martin,M,34,Other,Unknown,Data Scientist,Master,1,"Data analysis, Decision Making, Adaptability, Dependability, Flexibility, Communication, Digital Literacy",2,TRUE,Manchester,24/11/2023,05/12/2023,Alpha
1026,Casey Smith,M,46,Southeast Asian,Thailand,Data Analyst,Bachelor,5,"Leadership, Accounting, Decision Making, Adaptability, Dependability, Time management, Information processing, Communication, Researching",4,TRUE,London,24/03/2023,23/05/2023,Echo
1027,Quinn Martin,F,30,Asian,China,Data Analyst,Bachelor,1,"Accounting, Data analysis, Decision Making, Adaptability, Dependability, Flexibility, Communication, Researching",2,TRUE,Bristol,29/05/2023,28/06/2023,Alpha
1028,Avery Jackson,M,46,White,Germany,Associate,Bachelor,0,"Decision Making, Adaptability, Dependability, Flexibility, Communication, Digital Literacy",0,FALSE,London,13/09/2023,29/11/2023,Echo
1029,Jamie Brown,M,22,Hispanic or Latino,UK,Accountant,Bachelor,2,"Accounting, Decision Making, Adaptability, Dependability, Flexibility, Communication, Researching",3,TRUE,Glasgow,31/08/2023,22/09/2023,Delta
1030,Alex Thomas,M,24,White,Germany,Research Analyst,High School,1,"Decision Making, Adaptability, Dependability, Flexibility, Communication, Researching",0,FALSE,Manchester,15/06/2023,01/07/2023,Charlie
1031,Skyler Brown,M,63,Other,Unknown,Data Analyst,Bachelor,5,"Leadership, Decision Making, Adaptability, Dependability, Time management, Information processing, Communication, Digital Literacy",3,TRUE,Birmingham,13/04/2023,25/04/2023,Charlie
1032,Quinn Harris,M,44,Hispanic or Latino,Mexico,Data Scientist,Master,5,"Leadership, Data analysis, Decision Making, Adaptability, Dependability, Time management, Information processing, Communication, Digital Literacy",4,TRUE,Birmingham,13/03/2023,05/04/2023,Delta
1033,Jordan Anderson,F,30,White,UK,Research Analyst,Master,2,"Creative problem solving, Critical thinking, Decision Making, Adaptability, Dependability, Flexibility, Communication, Digital Literacy",4,TRUE,Manchester,14/04/2023,28/04/2023,Charlie
1034,Jordan Johnson,F,34,East Asian,South Korea,Data Scientist,Master,6,"Leadership, Data analysis, Decision Making, Adaptability, Dependability, Time management, Mentoring, Information processing, Communication, Digital Literacy",5,TRUE,London,04/11/2023,20/11/2023,Charlie
1035,Quinn Johnson,F,43,Other,Unknown,Accountant,Bachelor,2,"Accounting, Decision Making, Adaptability, Dependability, Flexibility, Communication, Researching",2,TRUE,London,01/11/2023,11/11/2023,Delta
1036,Morgan Harris,F,49,Pacific Islander,UK,Data Analyst,Bachelor,7,"Leadership, Accounting, Data analysis, Decision Making, Adaptability, Dependability, Time management, Mentoring, Information processing, Communication, Researching",6,TRUE,Bristol,29/04/2023,15/05/2023,Charlie
1037,Jamie Taylor,F,29,Pacific Islander,Fiji,Associate,Bachelor,2,"Decision Making, Adaptability, Dependability, Flexibility, Communication, Digital Literacy",1,TRUE,Manchester,30/05/2023,10/08/2023,Echo
1038,Riley Anderson,F,55,Middle Eastern,Iran,Accountant,Bachelor,0,"Accounting, Decision Making, Adaptability, Dependability, Flexibility, Communication, Researching",1,FALSE,Manchester,29/01/2023,17/02/2023,Delta
1039,Quinn Anderson,M,60,Other,UK,Associate,Bachelor,0,"Decision Making, Adaptability, Dependability, Flexibility, Communication, Digital Literacy",2,TRUE,Manchester,01/09/2023,27/10/2023,Echo
1040,Casey Martin,M,63,Other,Unknown,Research Analyst,High School,2,"Decision Making, Adaptability, Dependability, Flexibility, Communication, Researching",1,FALSE,Glasgow,01/09/2023,10/11/2023,Echo
1041,Skyler Johnson,F,54,Hispanic or Latino,Mexico,Data Analyst,Bachelor,2,"Accounting, Data analysis, Decision Making, Adaptability, Dependability, Flexibility, Communication, Researching",2,TRUE,London,11/11/2023,15/11/2023,Bravo
1042,Alex Anderson,F,35,Hispanic or Latino,Mexico,Data Scientist,Master,1,"Data analysis, Decision Making, Adaptability, Dependability, Flexibility, Communication, Digital Literacy",2,TRUE,London,19/11/2023,28/11/2023,Charlie
1043,Morgan White,M,55,Southeast Asian,Thailand,Associate,Bachelor,2,"Decision Making, Adaptability, Dependability, Flexibility, Communication, Digital Literacy",1,TRUE,Bristol,26/12/2023,21/01/2024,Alpha
1044,Quinn Brown,M,31,White,UK,Data Analyst,Bachelor,0,"Accounting, Data analysis, Decision Making, Adaptability, Dependability, Flexibility, Communication, Researching",2,TRUE,London,22/10/2023,06/11/2023,Charlie
1045,Avery White,M,40,Southeast Asian,Thailand,Accountant,Bachelor,1,"Accounting, Decision Making, Adaptability, Dependability, Flexibility, Communication, Researching",1,TRUE,Birmingham,10/07/2023,21/07/2023,Delta
1046,Alex Brown,M,32,South Asian,India,Data Analyst,Bachelor,3,"Decision Making, Adaptability, Dependability, Time management, Information processing, Communication, Digital Literacy",2,TRUE,Manchester,01/02/2023,24/02/2023,Delta
1047,Casey Smith,F,65,Native American,USA,Research Analyst,High School,2,"Decision Making, Adaptability, Dependability, Flexibility, Communication, Researching",1,FALSE,Manchester,20/01/2023,08/02/2023,Charlie
1048,Taylor Thomas,M,47,South Asian,India,Data Scientist,Master,3,"Data analysis, Decision Making, Adaptability, Dependability, Time management, Information processing, Communication, Digital Literacy",3,TRUE,Bristol,25/09/2023,08/10/2023,Alpha
1049,Skyler Taylor,F,18,East Asian,South Korea,Accountant,Master,2,"Troubleshooting, Accounting, Decision Making, Adaptability, Dependability, Flexibility, Communication, Researching",2,TRUE,London,01/01/2023,16/02/2023,Echo
1050,Casey Brown,M,37,South Asian,India,Associate,Bachelor,0,"Decision Making, Adaptability, Dependability, Flexibility, Communication, Digital Literacy",0,FALSE,Glasgow,28/06/2023,30/06/2023,Alpha
1051,Jordan Harris,F,57,White,UK,Associate,Bachelor,2,"Decision Making, Adaptability, Dependability, Flexibility, Communication, Digital Literacy",2,TRUE,Bristol,14/10/2023,28/10/2023,Alpha
1052,Taylor Harris,F,41,Central Asian,Kazakhstan,Data Analyst,Bachelor,4,"Accounting, Decision Making, Adaptability, Dependability, Time management, Information processing, Communication, Researching",3,TRUE,Birmingham,31/01/2023,17/02/2023,Delta
1053,Skyler Brown,F,50,Hispanic or Latino,Mexico,Data Analyst,Bachelor,5,"Leadership, Accounting, Decision Making, Adaptability, Dependability, Time management, Information processing, Communication, Researching",4,TRUE,Manchester,09/12/2023,26/01/2024,Echo
1054,Riley Jackson,M,29,Other,Unknown,Data Analyst,Bachelor,1,"Accounting, Data analysis, Decision Making, Adaptability, Dependability, Flexibility, Communication, Researching",2,TRUE,London,12/08/2023,14/08/2023,Alpha
1055,Quinn Harris,F,42,Pacific Islander,UK,Data Scientist,Master,1,"Data analysis, Decision Making, Adaptability, Dependability, Flexibility, Communication, Digital Literacy",3,TRUE,London,20/08/2023,14/09/2023,Charlie
1056,Morgan White,M,51,Black or African American,Nigeria,Data Scientist,Master,0,"Data analysis, Decision Making, Adaptability, Dependability, Flexibility, Communication, Digital Literacy",1,TRUE,Birmingham,16/05/2023,07/06/2023,Charlie
1057,Taylor Brown,M,36,Other,Unknown,Data Analyst,Bachelor,0,"Data analysis, Decision Making, Adaptability, Dependability, Flexibility, Communication, Digital Literacy",1,FALSE,Glasgow,21/10/2023,02/11/2023,Charlie
1058,Riley Brown,F,39,Other,Unknown,Associate,Bachelor,2,"Decision Making, Adaptability, Dependability, Flexibility, Communication, Digital Literacy",1,TRUE,Bristol,26/02/2023,23/03/2023,Bravo
1059,Casey Jackson,M,30,East Asian,South Korea,Accountant,Bachelor,1,"Accounting, Decision Making, Adaptability, Dependability, Flexibility, Communication, Researching",1,TRUE,Bristol,18/01/2023,31/01/2023,Delta
1060,Taylor Martin,M,48,East Asian,UK,Accountant,Bachelor,2,"Accounting, Decision Making, Adaptability, Dependability, Flexibility, Communication, Researching",3,TRUE,London,01/04/2023,17/04/2023,Bravo
1061,Jordan Johnson,M,29,South Asian,India,Associate,Bachelor,1,"Decision Making, Adaptability, Dependability, Flexibility, Communication, Digital Literacy",1,FALSE,London,10/10/2023,13/10/2023,Bravo
1062,Skyler Martin,M,27,Hispanic or Latino,UK,Data Scientist,Master,5,"Leadership, Creative problem solving, Critical thinking, Decision Making, Adaptability, Dependability, Time management, Information processing, Communication, Digital Literacy",6,TRUE,Birmingham,23/05/2023,11/06/2023,Delta
1063,Quinn Jackson,F,52,Asian,China,Data Analyst,Bachelor,4,"Decision Making, Adaptability, Dependability, Time management, Information processing, Communication, Digital Literacy",2,TRUE,London,26/07/2023,08/08/2023,Bravo
1064,Jamie Johnson,M,42,Asian,China,Data Analyst,Bachelor,0,"Data analysis, Decision Making, Adaptability, Dependability, Flexibility, Communication, Digital Literacy",1,FALSE,Manchester,03/05/2023,25/06/2023,Echo
1065,Morgan Johnson,F,44,Middle Eastern,Iran,Data Analyst,Bachelor,2,"Accounting, Data analysis, Decision Making, Adaptability, Dependability, Flexibility, Communication, Researching",2,TRUE,Glasgow,02/05/2023,09/05/2023,Alpha
1066,Avery Harris,F,33,Other,Unknown,Data Scientist,Master,2,"Data analysis, Decision Making, Adaptability, Dependability, Flexibility, Communication, Digital Literacy",2,TRUE,Manchester,11/08/2023,21/08/2023,Charlie
1067,Morgan Brown,M,47,South Asian,India,Data Analyst,Bachelor,0,"Accounting, Data analysis, Decision Making, Adaptability, Dependability, Flexibility, Communication, Researching",1,TRUE,London,16/10/2023,28/10/2023,Alpha
1068,Casey Brown,M,41,Middle Eastern,Iran,Research Analyst,PhD,2,"Creative problem solving, Critical thinking, Decision Making, Adaptability, Dependability, Flexibility, Communication, Digital Literacy",3,TRUE,London,12/12/2023,07/01/2024,Bravo
1069,Alex Harris,F,45,Southeast Asian,Thailand,Accountant,Bachelor,0,"Accounting, Decision Making, Adaptability, Dependability, Flexibility, Communication, Researching",1,FALSE,Glasgow,10/02/2023,20/04/2023,Echo
1070,Jamie Johnson,F,45,Pacific Islander,Fiji,Data Analyst,Bachelor,1,"Data analysis, Decision Making, Adaptability, Dependability, Flexibility, Communication, Digital Literacy",1,TRUE,Bristol,22/11/2023,28/11/2023,Alpha
1071,Avery Johnson,M,32,Southeast Asian,Thailand,Research Analyst,High School,2,"Decision Making, Adaptability, Dependability, Flexibility, Communication, Researching",1,FALSE,Bristol,27/03/2023,26/04/2023,Alpha
1072,Taylor Martin,F,36,Pacific Islander,UK,Associate,Bachelor,1,"Decision Making, Adaptability, Dependability, Flexibility, Communication, Digital Literacy",2,TRUE,London,13/01/2023,07/02/2023,Bravo
1073,Avery White,F,40,Hispanic or Latino,Mexico,Accountant,Bachelor,1,"Accounting, Decision Making, Adaptability, Dependability, Flexibility, Communication, Researching",1,TRUE,Manchester,09/11/2023,15/11/2023,Delta
1074,Taylor Martin,F,45,Central Asian,Kazakhstan,Data Analyst,Bachelor,4,"Decision Making, Adaptability, Dependability, Time management, Information processing, Communication, Digital Literacy",2,TRUE,Manchester,08/10/2023,18/10/2023,Bravo
1075,Riley Martin,F,26,Black or African American,Nigeria,Data Analyst,Bachelor,0,"Data analysis, Decision Making, Adaptability, Dependability, Flexibility, Communication, Digital Literacy",1,FALSE,Manchester,22/08/2023,07/09/2023,Bravo
1076,Alex Taylor,M,49,White,Germany,Data Scientist,Master,1,"Data analysis, Decision Making, Adaptability, Dependability, Flexibility, Communication, Digital Literacy",2,TRUE,Bristol,31/07/2023,26/08/2023,Delta
1077,Morgan Johnson,F,31,South Asian,India,Research Analyst,High School,0,"Decision Making, Adaptability, Dependability, Flexibility, Communication, Researching",0,FALSE,Bristol,22/02/2023,17/03/2023,Charlie
1078,Alex Taylor,F,29,Central Asian,UK,Research Analyst,High School,0,"Decision Making, Adaptability, Dependability, Flexibility, Communication, Researching",1,TRUE,Manchester,11/08/2023,06/10/2023,Echo
1079,Taylor Johnson,M,34,East Asian,South Korea,Data Analyst,Bachelor,2,"Accounting, Data analysis, Decision Making, Adaptability, Dependability, Flexibility, Communication, Researching",2,TRUE,Bristol,26/10/2023,11/01/2024,Echo
1080,Quinn Johnson,M,39,Asian,China,Data Analyst,Bachelor,0,"Accounting, Data analysis, Decision Making, Adaptability, Dependability, Flexibility, Communication, Researching",1,TRUE,Manchester,30/09/2023,29/10/2023,Alpha
1081,Riley Smith,M,29,Native American,USA,Data Analyst,Bachelor,3,"Accounting, Data analysis, Decision Making, Adaptability, Dependability, Time management, Information processing, Communication, Researching",3,TRUE,Bristol,23/02/2023,15/03/2023,Bravo
1082,Taylor Thomas,F,28,Other,Unknown,Accountant,Bachelor,0,"Accounting, Decision Making, Adaptability, Dependability, Flexibility, Communication, Researching",1,FALSE,Birmingham,08/10/2023,21/10/2023,Delta
1083,Taylor Taylor,F,51,White,Germany,Associate,Bachelor,2,"Decision Making, Adaptability, Dependability, Flexibility, Communication, Digital Literacy",1,TRUE,Bristol,31/03/2023,24/04/2023,Delta
1084,Avery White,F,51,Black or African American,UK,Accountant,Bachelor,1,"Accounting, Decision Making, Adaptability, Dependability, Flexibility, Communication, Researching",2,TRUE,London,06/09/2023,16/09/2023,Delta
1085,Riley Johnson,M,49,South Asian,India,Data Analyst,Bachelor,2,"Accounting, Data analysis, Decision Making, Adaptability, Dependability, Flexibility, Communication, Researching",2,TRUE,Glasgow,21/11/2023,19/02/2024,Echo
1086,Skyler Anderson,F,32,Mixed,UK,Accountant,Bachelor,2,"Accounting, Decision Making, Adaptability, Dependability, Flexibility, Communication, Researching",3,TRUE,Manchester,02/04/2023,27/04/2023,C
1087,Riley Anderson,M,55,Other,Unknown,Data Analyst,Bachelor,4,"Decision Making, Adaptability, Dependability, Time management, Information processing, Communication, Digital Literacy",2,TRUE,London,19/04/2023,27/04/2023,Bravo
1088,Taylor Martin,F,32,Hispanic or Latino,Mexico,Accountant,Bachelor,0,"Accounting, Decision Making, Adaptability, Dependability, Flexibility, Communication, Researching",1,FALSE,Bristol,09/07/2023,07/08/2023,Alpha
1089,Quinn Johnson,M,51,Pacific Islander,Fiji,Data Analyst,Bachelor,0,"Accounting, Data analysis, Decision Making, Adaptability, Dependability, Flexibility, Communication, Researching",1,TRUE,Bristol,07/01/2023,29/01/2023,Delta
1090,Avery Johnson,M,29,Black or African American,Nigeria,Data Analyst,Bachelor,4,"Accounting, Decision Making, Adaptability, Dependability, Time management, Information processing, Communication, Researching",3,TRUE,Bristol,03/06/2023,20/06/2023,Delta
1091,Morgan Smith,F,40,Middle Eastern,Iran,Research Analyst,Master,2,"Creative problem solving, Critical thinking, Decision Making, Adaptability, Dependability, Flexibility, Communication, Digital Literacy",2,TRUE,Glasgow,11/06/2023,14/06/2023,Charlie
1092,Morgan Harris,F,37,Southeast Asian,UK,Accountant,Bachelor,1,"Accounting, Decision Making, Adaptability, Dependability, Flexibility, Communication, Researching",2,TRUE,Manchester,25/12/2023,21/02/2024,Echo
1093,Quinn Jackson,F,50,Pacific Islander,Fiji,Research Analyst,Master,2,"Creative problem solving, Critical thinking, Decision Making, Adaptability, Dependability, Flexibility, Communication, Digital Literacy",2,TRUE,Bristol,19/09/2023,24/09/2023,Alpha
1094,Jordan Brown,F,0,Native American,USA,Data Scientist,Master,3,"Data analysis, Decision Making, Adaptability, Dependability, Time management, Information processing, Communication, Digital Literacy",3,TRUE,Bristol,03/02/2023,03/03/2023,Alpha
1095,Morgan Martin,F,46,Central Asian,Kazakhstan,Data Analyst,Bachelor,1,"Accounting, Data analysis, Decision Making, Adaptability, Dependability, Flexibility, Communication, Researching",2,TRUE,London,07/04/2023,27/04/2023,Bravo
1096,Jamie Martin,F,31,Central Asian,Kazakhstan,Associate,Bachelor,0,"Decision Making, Adaptability, Dependability, Flexibility, Communication, Digital Literacy",0,FALSE,Bristol,08/07/2023,24/07/2023,Bravo
1097,Taylor Smith,F,39,Hispanic or Latino,UK,Associate,Bachelor,2,"Decision Making, Adaptability, Dependability, Flexibility, Communication, Digital Literacy",2,TRUE,Bristol,05/03/2023,25/03/2023,Charlie
1098,Alex White,M,39,Mixed,UK,Creative Technologist,Master,11,"Leadership, Project management, Coding, Graphic design, Data Visualisation, Accounting, Data analysis, Decision Making, Adaptability, Dependability, Time management, Mentoring, Information processing, Stakeholder engagement, Researching",10,TRUE,London,19/11/2023,17/12/2023,Delta
